id,marca,modelo,años,aceite_litros,aceite_spec,torque_filtro,cambio_aceite_km,llantas_psi,variantes,mantenimiento,fallas,created_at,marca_norm,modelo_norm
vstrom1000-gen1,Suzuki,V-Strom 1000 (Gen 1),2002–2013,3.4 L (con filtro),SAE 10W-40 JASO MA/MA2,20 Nm,6000,"{'delantera': 33, 'trasera_solo': 36}",,"[{'item': 'Aceite de motor', 'accion': 'Reemplazar', 'intervalo': '6,000 km'}, {'item': 'Reglaje de válvulas', 'accion': 'Inspección y ajuste — crítico', 'intervalo': '24,000 km'}, {'item': 'Conectores eléctricos', 'accion': 'Limpieza anti-sulfatación', 'intervalo': 'Cada revisión'}, {'item': 'Cadena', 'accion': 'Limpiar y tensar', 'intervalo': '1,000 km'}]","[{'nombre': 'Canasta de embrague', 'sintoma': 'Ruido y vibración excesiva', 'solucion': 'Mod Werks o reemplazo'}, {'nombre': 'Conectores eléctricos', 'sintoma': 'Fallos aleatorios y cortos', 'solucion': 'Limpieza con grasa dieléctrica (sulfatación frecuente)'}, {'nombre': 'Reglaje de válvulas', 'sintoma': 'Ruido tic-tic metálico', 'solucion': 'Ajuste a los 24,000 km o antes si hay sonido'}]",2026-07-12T19:39:13.14661+00:00,suzuki,v-strom 1000 (gen 1)
vstrom1000-gen2,Suzuki,V-Strom 1000A (Gen 2),2014–2019,3.2 L (con filtro),SAE 10W-40 JASO MA/MA2,20 Nm,6000,"{'delantera': 36, 'trasera_solo': 42}",,"[{'item': 'Aceite de motor', 'accion': 'Reemplazar', 'intervalo': '6,000 km'}, {'item': 'Filtro de aire', 'accion': 'Inspección / Cambio', 'intervalo': '12,000 km'}, {'item': 'Bujías', 'accion': 'Reemplazar', 'intervalo': '24,000 km'}, {'item': 'Batería', 'accion': 'Verificar CCA y voltaje', 'intervalo': 'Cada año'}, {'item': 'Cadena', 'accion': 'Limpiar y tensar', 'intervalo': '1,000 km'}]","[{'nombre': 'Sensor TPS', 'sintoma': 'Respuesta irregular de la mariposa', 'solucion': 'Reemplazo o recalibración en taller autorizado'}, {'nombre': 'Sistema eléctrico', 'sintoma': 'Fallos en electrónica con batería débil', 'solucion': 'Usar batería con alto CCA; verificar voltaje de carga'}]",2026-07-12T19:39:13.14661+00:00,suzuki,v-strom 1000a (gen 2)
sv650-2017,Suzuki,SV650,2017+,2.4 L (con filtro),SAE 10W-40 JASO MA/MA2,17 Nm,6000,"{'delantera': 33, 'trasera_solo': 42}",,"[{'item': 'Aceite de motor', 'accion': 'Reemplazar', 'intervalo': '6,000 km'}, {'item': 'Filtro de aire', 'accion': 'Inspección / Cambio', 'intervalo': '12,000 km'}, {'item': 'Bujías', 'accion': 'Reemplazar', 'intervalo': '24,000 km'}, {'item': 'Cadena', 'accion': 'Limpiar y tensar', 'intervalo': '1,000 km'}, {'item': 'Válvulas', 'accion': 'Inspección y ajuste', 'intervalo': '24,000 km'}]","[{'nombre': 'PAIR valve — popping', 'sintoma': 'Detonaciones en escape al cerrar gas', 'solucion': 'Bloqueo PAIR valve o reprogramación ECU Stage 1'}, {'nombre': 'Bomba de combustible', 'sintoma': 'Zumbido notable', 'solucion': 'Normal si zumba; alarma si deja de zumbar'}, {'nombre': 'Sensor TPS', 'sintoma': 'Respuesta irregular a bajas RPM en frío', 'solucion': 'Limpieza con limpiador electrónico o reemplazo'}]",2026-07-12T19:39:13.14661+00:00,suzuki,sv650
gsx-s750-2017,Suzuki,GSX-S750,2017–2021,3.4 L (con filtro),SAE 10W-40 JASO MA/MA2,17 Nm,6000,"{'delantera': 36, 'trasera_solo': 42}",,"[{'item': 'Aceite de motor', 'accion': 'Reemplazar', 'intervalo': '6,000 km'}, {'item': 'Filtro de aire', 'accion': 'Inspección / Cambio', 'intervalo': '12,000 km'}, {'item': 'Bujías', 'accion': 'Reemplazar (iridio recomendado)', 'intervalo': '24,000 km'}, {'item': 'Válvulas (DOHC)', 'accion': 'Inspección y ajuste', 'intervalo': '24,000 km'}, {'item': 'Cadena', 'accion': 'Limpiar y tensar', 'intervalo': '1,000 km'}]","[{'nombre': 'Vibración en manillar', 'sintoma': 'Vibración notable 4,000–5,000 RPM', 'solucion': 'Bar end weights aftermarket; verificar balanceo ruedas'}, {'nombre': 'Cadena desgaste rápido', 'sintoma': 'Cadena se alarga rápido', 'solucion': 'Lubricación cada 300–500 km; cadena DID 525 VX'}, {'nombre': 'Respuesta throttle brusco', 'sintoma': 'Tirones bruscos al abrir gas en Modo A', 'solucion': 'Usar Modo B para ciudad; reprogramación ECU Stage 1'}]",2026-07-12T19:39:13.14661+00:00,suzuki,gsx-s750
gsx-s1000-2021,Suzuki,GSX-S1000,2021+,3.7 L (con filtro),SAE 10W-40 JASO MA/MA2,17 Nm,6000,"{'delantera': 36, 'trasera_solo': 42}",,"[{'item': 'Aceite de motor', 'accion': 'Reemplazar', 'intervalo': '6,000 km'}, {'item': 'Filtro de aire', 'accion': 'Inspección / Cambio', 'intervalo': '12,000 km'}, {'item': 'Bujías', 'accion': 'Reemplazar (iridio recomendado)', 'intervalo': '24,000 km'}, {'item': 'Válvulas', 'accion': 'Inspección y ajuste', 'intervalo': '24,000 km'}, {'item': 'Cadena', 'accion': 'Limpiar y tensar', 'intervalo': '1,000 km'}]","[{'nombre': 'Temperatura en tráfico', 'sintoma': 'Calor elevado entre piernas en semáforo', 'solucion': 'Normal en 4C — reducir exposición a tráfico parado'}, {'nombre': 'Batería y electrónica', 'sintoma': 'Fallos en modos si batería < 12.4V', 'solucion': 'Sistema exigente — batería CCA alta y revisión anual'}, {'nombre': 'Quickshifter UP', 'sintoma': 'Cambios inconsistentes a bajas RPM', 'solucion': 'Requiere > 4,000 RPM para funcionar correctamente'}]",2026-07-12T19:39:13.14661+00:00,suzuki,gsx-s1000
hayabusa-gen3-2021,Suzuki,Hayabusa Gen3,2021+,3.5 L (con filtro),SAE 10W-40 JASO MA/MA2,20 Nm,6000,"{'nota': '190/50-17 trasera — no cambiar perfil (TCS calibrado)', 'delantera': 36, 'trasera_solo': 42}",,"[{'item': 'Aceite de motor', 'accion': 'Reemplazar', 'intervalo': '6,000 km'}, {'item': 'Filtro de aire', 'accion': 'Inspección / Cambio', 'intervalo': '12,000 km'}, {'item': 'Bujías', 'accion': 'Reemplazar (iridio recomendado)', 'intervalo': '24,000 km'}, {'item': 'Válvulas', 'accion': 'Inspección y ajuste', 'intervalo': '24,000 km'}, {'item': 'Cadena', 'accion': 'Limpiar y tensar', 'intervalo': '1,000 km'}]","[{'nombre': 'TCS — llantas no originales', 'sintoma': 'Intervención incorrecta del TCS', 'solucion': 'TCS calibrado para 190/50-17 — no cambiar perfil trasero'}, {'nombre': 'Sensores IMU — polvo', 'sintoma': 'Luz de fallo electrónico en carreteras polvorientas', 'solucion': 'Limpiar sensores IMU con paño suave — no agua a presión'}, {'nombre': 'Calor asiento en tráfico', 'sintoma': 'Temperatura alta debajo del asiento', 'solucion': 'Motor 1340cc genera calor considerable — normal'}]",2026-07-12T19:39:13.14661+00:00,suzuki,hayabusa gen3
yamaha-mt07-2021,Yamaha,MT-07,2021–presente,2.95 L (con filtro),SAE 10W-40 JASO MA/MA2,17 Nm,10000,"{'delantera': '33 PSI', 'trasera_solo': '33 PSI', 'trasera_cargada': '36 PSI'}",,"[{'item': 'Aceite de motor', 'accion': 'Reemplazar', 'intervalo': '10,000 km'}, {'item': 'Filtro de aceite', 'accion': 'Reemplazar', 'intervalo': '10,000 km'}, {'item': 'Bujías', 'accion': 'Reemplazar', 'intervalo': '40,000 km'}, {'item': 'Líquido de frenos', 'accion': 'Reemplazar', 'intervalo': '2 años'}, {'item': 'Filtro de aire', 'accion': 'Reemplazar', 'intervalo': '40,000 km'}, {'item': 'Cadena', 'accion': 'Lubricar / ajustar', 'intervalo': '1,000 km'}, {'item': 'Válvulas', 'accion': 'Inspeccionar', 'intervalo': '42,000 km'}]","[{'nombre': 'Chasquido en frío al arrancar', 'sintoma': 'Ruido metálico los primeros segundos', 'solucion': 'Normal en este motor CP2; desaparece al calentar. Verificar nivel de aceite'}, {'nombre': 'Vibración en espejos', 'sintoma': 'Visión borrosa en espejos a ciertas RPM', 'solucion': 'Instalar amortiguadores de espejo o pesos en extremos del manubrio'}, {'nombre': 'Quickshifter inconsistente', 'sintoma': 'Cambios duros o fallo en quickshifter', 'solucion': 'Ajustar sensibilidad en menú TFT; actualizar firmware'}]",2026-07-12T19:41:43.588962+00:00,yamaha,mt-07
yamaha-mt10-2022,Yamaha,MT-10,2022–presente,4.5 L (con filtro),SAE 10W-40 JASO MA/MA2,17 Nm,10000,"{'delantera': '33 PSI', 'trasera_solo': '36 PSI', 'trasera_cargada': '42 PSI'}",,"[{'item': 'Aceite de motor', 'accion': 'Reemplazar', 'intervalo': '10,000 km'}, {'item': 'Filtro de aceite', 'accion': 'Reemplazar', 'intervalo': '10,000 km'}, {'item': 'Bujías', 'accion': 'Reemplazar', 'intervalo': '40,000 km'}, {'item': 'Líquido de frenos', 'accion': 'Reemplazar', 'intervalo': '2 años'}, {'item': 'Filtro de aire', 'accion': 'Reemplazar', 'intervalo': '40,000 km'}, {'item': 'Cadena', 'accion': 'Lubricar / ajustar', 'intervalo': '1,000 km'}, {'item': 'Válvulas', 'accion': 'Inspeccionar', 'intervalo': '42,000 km'}]","[{'nombre': 'Consumo de aceite elevado', 'sintoma': 'Nivel baja entre cambios', 'solucion': 'Normal hasta 0.5L/1000km; verificar fugas y sellos'}, {'nombre': 'Frenada ABS pulsante', 'sintoma': 'Vibración en palanca al frenar fuerte', 'solucion': 'Normal del sistema ABS; limpiar sensores de rueda'}, {'nombre': 'Pantalla TFT con reflejos', 'sintoma': 'Difícil leer con sol directo', 'solucion': 'Usar visera anti-reflejo; ajustar brillo al máximo'}]",2026-07-12T19:41:43.588962+00:00,yamaha,mt-10
yamaha-tracer7-2021,Yamaha,Tracer 7,2021–presente,2.95 L (con filtro),SAE 10W-40 JASO MA/MA2,17 Nm,10000,"{'delantera': '36 PSI', 'trasera_solo': '36 PSI', 'trasera_cargada': '42 PSI'}",,"[{'item': 'Aceite de motor', 'accion': 'Reemplazar', 'intervalo': '10,000 km'}, {'item': 'Filtro de aceite', 'accion': 'Reemplazar', 'intervalo': '10,000 km'}, {'item': 'Bujías', 'accion': 'Reemplazar', 'intervalo': '40,000 km'}, {'item': 'Líquido de frenos', 'accion': 'Reemplazar', 'intervalo': '2 años'}, {'item': 'Filtro de aire', 'accion': 'Reemplazar', 'intervalo': '40,000 km'}, {'item': 'Cadena', 'accion': 'Lubricar / ajustar', 'intervalo': '1,000 km'}]","[{'nombre': 'Vibración en manillar a alta velocidad', 'sintoma': 'Hormigueo en manos >120 km/h', 'solucion': 'Revisar balanceo de rueda delantera; verificar estado neumático'}, {'nombre': 'Ruido en maletas laterales', 'sintoma': 'Vibración/ruido en bolsas', 'solucion': 'Ajustar anclajes; agregar goma anti-vibración en puntos de contacto'}]",2026-07-12T19:41:43.588962+00:00,yamaha,tracer 7
yamaha-yzf-r7-2022,Yamaha,YZF-R7,2022–presente,2.95 L (con filtro),SAE 10W-40 JASO MA/MA2,17 Nm,10000,"{'delantera': '33 PSI', 'trasera_solo': '29 PSI'}",,"[{'item': 'Aceite de motor', 'accion': 'Reemplazar', 'intervalo': '10,000 km'}, {'item': 'Filtro de aceite', 'accion': 'Reemplazar', 'intervalo': '10,000 km'}, {'item': 'Bujías', 'accion': 'Reemplazar', 'intervalo': '40,000 km'}, {'item': 'Líquido de frenos', 'accion': 'Reemplazar', 'intervalo': '2 años'}, {'item': 'Filtro de aire', 'accion': 'Reemplazar', 'intervalo': '40,000 km'}, {'item': 'Cadena', 'accion': 'Lubricar / ajustar', 'intervalo': '500 km (uso deportivo)'}]","[{'nombre': 'Posición deportiva incómoda en ciudad', 'sintoma': 'Dolor de muñecas / espalda en tráfico', 'solucion': 'Normal en supersport; considerar manillares levantados o adaptadores'}, {'nombre': 'Temperatura elevada en piernas', 'sintoma': 'Calor del motor en piernas', 'solucion': 'Verificar deflectores laterales bien colocados; normal en motos deportivas'}]",2026-07-12T19:41:43.588962+00:00,yamaha,yzf-r7
yamaha-xsr700-2018,Yamaha,XSR700,2018–presente,2.95 L (con filtro),SAE 10W-40 JASO MA/MA2,17 Nm,10000,"{'delantera': '33 PSI', 'trasera_solo': '36 PSI', 'trasera_cargada': '40 PSI'}",,"[{'item': 'Aceite de motor', 'accion': 'Reemplazar', 'intervalo': '10,000 km'}, {'item': 'Filtro de aceite', 'accion': 'Reemplazar', 'intervalo': '10,000 km'}, {'item': 'Bujías', 'accion': 'Reemplazar', 'intervalo': '40,000 km'}, {'item': 'Líquido de frenos', 'accion': 'Reemplazar', 'intervalo': '2 años'}, {'item': 'Cadena', 'accion': 'Lubricar / ajustar', 'intervalo': '1,000 km'}]","[{'nombre': 'Vibración característica CP2', 'sintoma': 'Temblor en ralentí y bajas RPM', 'solucion': 'Normal del motor bicilíndrico paralelo; no es falla'}, {'nombre': 'Luces traseras LED falla', 'sintoma': 'LED trasero apaga intermitente', 'solucion': 'Verificar conector bajo asiento; puede aflojarse por vibración'}]",2026-07-12T19:41:43.588962+00:00,yamaha,xsr700
yamaha-xsr900-2022,Yamaha,XSR900,2022–presente,3.2 L (con filtro),SAE 10W-40 JASO MA/MA2,17 Nm,10000,"{'delantera': '33 PSI', 'trasera_solo': '36 PSI', 'trasera_cargada': '40 PSI'}",,"[{'item': 'Aceite de motor', 'accion': 'Reemplazar', 'intervalo': '10,000 km'}, {'item': 'Filtro de aceite', 'accion': 'Reemplazar', 'intervalo': '10,000 km'}, {'item': 'Bujías', 'accion': 'Reemplazar', 'intervalo': '40,000 km'}, {'item': 'Líquido de frenos', 'accion': 'Reemplazar', 'intervalo': '2 años'}, {'item': 'Filtro de aire', 'accion': 'Reemplazar', 'intervalo': '40,000 km'}, {'item': 'Cadena', 'accion': 'Lubricar / ajustar', 'intervalo': '1,000 km'}]","[{'nombre': 'Crepitar escape al enfriar', 'sintoma': 'Ruido metálico al apagar', 'solucion': 'Normal expansión/contracción térmica del escape'}, {'nombre': 'Freno trasero muy sensible', 'sintoma': 'Bloqueo fácil en frenada', 'solucion': 'Ajustar posición pedal; calibrar sensibilidad ABS'}]",2026-07-12T19:41:43.588962+00:00,yamaha,xsr900
honda-cbr1000rrr-2020,Honda,CBR1000RR-R Fireblade,2020–presente,4.0 L (con filtro),SAE 10W-30 JASO MA/MA2,26 Nm,6000,"{'delantera': '33 PSI', 'trasera_solo': '26 PSI'}",CBR1000RR-R SP (suspensión Öhlins),"[{'item': 'Aceite de motor', 'accion': 'Reemplazar', 'intervalo': '6,000 km'}, {'item': 'Filtro de aceite', 'accion': 'Reemplazar', 'intervalo': '6,000 km'}, {'item': 'Bujías', 'accion': 'Reemplazar', 'intervalo': '24,000 km'}, {'item': 'Líquido de frenos', 'accion': 'Reemplazar', 'intervalo': '2 años'}, {'item': 'Filtro de aire', 'accion': 'Reemplazar', 'intervalo': '12,000 km'}, {'item': 'Cadena', 'accion': 'Lubricar / ajustar', 'intervalo': '500 km (uso pista)'}, {'item': 'Válvulas', 'accion': 'Inspeccionar', 'intervalo': '12,000 km'}]","[{'nombre': 'Temperatura radiador muy alta', 'sintoma': 'Sobrecalentamiento en tráfico urbano', 'solucion': 'No está diseñada para ciudad; usar ventilador auxiliar o evitar tráfico prolongado'}, {'nombre': 'Consumo de aceite en pista', 'sintoma': 'Nivel baja tras sesión en pista', 'solucion': 'Normal hasta 0.5L por sesión en uso extremo; verificar no haya fugas'}]",2026-07-12T19:42:19.166745+00:00,honda,cbr1000rr-r fireblade
honda-cb650r-2019,Honda,CB650R,2019–presente,3.6 L (con filtro),SAE 10W-30 JASO MA/MA2,26 Nm,8000,"{'delantera': '33 PSI', 'trasera_solo': '33 PSI', 'trasera_cargada': '36 PSI'}",,"[{'item': 'Aceite de motor', 'accion': 'Reemplazar', 'intervalo': '8,000 km'}, {'item': 'Filtro de aceite', 'accion': 'Reemplazar', 'intervalo': '8,000 km'}, {'item': 'Bujías', 'accion': 'Inspeccionar', 'intervalo': '16,000 km'}, {'item': 'Bujías', 'accion': 'Reemplazar', 'intervalo': '32,000 km'}, {'item': 'Líquido de frenos', 'accion': 'Reemplazar', 'intervalo': '2 años'}, {'item': 'Filtro de aire', 'accion': 'Reemplazar', 'intervalo': '24,000 km'}, {'item': 'Cadena', 'accion': 'Lubricar / ajustar', 'intervalo': '1,000 km'}, {'item': 'Válvulas', 'accion': 'Inspeccionar', 'intervalo': '16,000 km'}]","[{'nombre': 'Vibración en cuadro a altas RPM', 'sintoma': 'Temblor perceptible >8,000 RPM', 'solucion': 'Normal en inline-4 de 650; verificar montaje de motor'}, {'nombre': 'Pantalla pequeña con sol', 'sintoma': 'Difícil leer velocímetro', 'solucion': 'Usar visor anti-reflejo; actualizar firmware si disponible'}, {'nombre': 'Palanca embrague dura', 'sintoma': 'Fatiga en mano izquierda en ciudad', 'solucion': 'Ajustar precarga del embrague; lubricar cable'}]",2026-07-12T19:42:19.166745+00:00,honda,cb650r
honda-cbr650r-2019,Honda,CBR650R,2019–presente,3.6 L (con filtro),SAE 10W-30 JASO MA/MA2,26 Nm,8000,"{'delantera': '33 PSI', 'trasera_solo': '29 PSI'}",,"[{'item': 'Aceite de motor', 'accion': 'Reemplazar', 'intervalo': '8,000 km'}, {'item': 'Filtro de aceite', 'accion': 'Reemplazar', 'intervalo': '8,000 km'}, {'item': 'Bujías', 'accion': 'Inspeccionar', 'intervalo': '16,000 km'}, {'item': 'Bujías', 'accion': 'Reemplazar', 'intervalo': '32,000 km'}, {'item': 'Líquido de frenos', 'accion': 'Reemplazar', 'intervalo': '2 años'}, {'item': 'Filtro de aire', 'accion': 'Reemplazar', 'intervalo': '24,000 km'}, {'item': 'Cadena', 'accion': 'Lubricar / ajustar', 'intervalo': '500 km (uso deportivo)'}, {'item': 'Válvulas', 'accion': 'Inspeccionar', 'intervalo': '16,000 km'}]","[{'nombre': 'Temperatura alta en tráfico', 'sintoma': 'Calor excesivo en piernas', 'solucion': 'Normal en full fairing; asegurarse que ventilador funcione'}, {'nombre': 'Posición agresiva', 'sintoma': 'Dolor en muñecas', 'solucion': 'Normal en deportiva; considerar puños más ergonómicos'}]",2026-07-12T19:42:19.166745+00:00,honda,cbr650r
honda-nc750x-2021,Honda,NC750X,2021–presente,3.1 L (con filtro),SAE 10W-30 JASO MA/MA2,26 Nm,12000,"{'delantera': '33 PSI', 'trasera_solo': '36 PSI', 'trasera_cargada': '42 PSI'}",,"[{'item': 'Aceite de motor', 'accion': 'Reemplazar', 'intervalo': '12,000 km'}, {'item': 'Filtro de aceite', 'accion': 'Reemplazar', 'intervalo': '12,000 km'}, {'item': 'Bujías', 'accion': 'Reemplazar', 'intervalo': '32,000 km'}, {'item': 'Líquido de frenos', 'accion': 'Reemplazar', 'intervalo': '3 años'}, {'item': 'Filtro de aire', 'accion': 'Reemplazar', 'intervalo': '24,000 km'}, {'item': 'Cadena', 'accion': 'Lubricar / ajustar', 'intervalo': '1,000 km'}]","[{'nombre': 'DCT tirones a baja velocidad', 'sintoma': 'Enganche brusco en DCT modo A', 'solucion': 'Usar modo MT o D1 en ciudad; el DCT aprende con el tiempo'}, {'nombre': 'Ruido en baúl frontal', 'sintoma': 'Objetos sueltos en compartimento del tanque', 'solucion': 'Colocar funda de neopreno interior; el espacio resuena'}, {'nombre': 'Consumo irregular', 'sintoma': 'Autonomía varía mucho', 'solucion': 'El motor está optimizado para >70 km/h; en ciudad el consumo sube'}]",2026-07-12T19:42:19.166745+00:00,honda,nc750x
honda-cb750hornet-2023,Honda,CB750 Hornet,2023–presente,3.7 L (con filtro),SAE 10W-30 JASO MA/MA2,26 Nm,8000,"{'delantera': '33 PSI', 'trasera_solo': '33 PSI', 'trasera_cargada': '36 PSI'}",,"[{'item': 'Aceite de motor', 'accion': 'Reemplazar', 'intervalo': '8,000 km'}, {'item': 'Filtro de aceite', 'accion': 'Reemplazar', 'intervalo': '8,000 km'}, {'item': 'Bujías', 'accion': 'Inspeccionar', 'intervalo': '16,000 km'}, {'item': 'Bujías', 'accion': 'Reemplazar', 'intervalo': '32,000 km'}, {'item': 'Líquido de frenos', 'accion': 'Reemplazar', 'intervalo': '2 años'}, {'item': 'Filtro de aire', 'accion': 'Reemplazar', 'intervalo': '24,000 km'}, {'item': 'Cadena', 'accion': 'Lubricar / ajustar', 'intervalo': '1,000 km'}]","[{'nombre': 'Luz de error primer servicio', 'sintoma': 'Indicador de mantenimiento activo', 'solucion': 'Resetear en menú de ajustes tras realizar primer servicio a 600 km'}, {'nombre': 'Freno trasero sensible', 'sintoma': 'Fácil bloqueo parcial', 'solucion': 'Calibrar presión del pedal; el HSTC compensa pero ajustar sensibilidad'}]",2026-07-12T19:42:19.166745+00:00,honda,cb750 hornet
honda-africatwin-2020,Honda,Africa Twin CRF1100L,2020–presente,3.7 L (con filtro),SAE 10W-30 JASO MA/MA2,26 Nm,12000,"{'delantera': '36 PSI', 'trasera_solo': '42 PSI', 'trasera_cargada': '50 PSI'}","CRF1100L (manual), CRF1100L Adventure Sports (DCT/manual)","[{'item': 'Aceite de motor', 'accion': 'Reemplazar', 'intervalo': '12,000 km'}, {'item': 'Filtro de aceite', 'accion': 'Reemplazar', 'intervalo': '12,000 km'}, {'item': 'Bujías', 'accion': 'Reemplazar', 'intervalo': '32,000 km'}, {'item': 'Líquido de frenos', 'accion': 'Reemplazar', 'intervalo': '3 años'}, {'item': 'Filtro de aire', 'accion': 'Reemplazar', 'intervalo': '24,000 km'}, {'item': 'Cadena', 'accion': 'Lubricar / ajustar', 'intervalo': '1,000 km'}, {'item': 'Válvulas', 'accion': 'Inspeccionar', 'intervalo': '24,000 km'}]","[{'nombre': 'Golpeteo en ralentí frío', 'sintoma': 'Ruido metálico al arrancar en frío', 'solucion': 'Normal hasta alcanzar temperatura; verificar nivel y calidad de aceite'}, {'nombre': 'DCT en off-road', 'sintoma': 'Enganche brusco en terreno irregular', 'solucion': 'Usar modo G (gravel) o MT; el DCT en modo A no es ideal en barro'}, {'nombre': 'Consumo elevado en off-road', 'sintoma': '>6L/100km en pistas', 'solucion': 'Normal en terreno difícil; en carretera debe estar entre 4.5–5.5L'}]",2026-07-12T19:42:19.166745+00:00,honda,africa twin crf1100l
honda-cb1000r-2021,Honda,CB1000R,2021–presente,3.8 L (con filtro),SAE 10W-30 JASO MA/MA2,26 Nm,12000,"{'delantera': '33 PSI', 'trasera_solo': '33 PSI', 'trasera_cargada': '36 PSI'}",CB1000R Black Edition,"[{'item': 'Aceite de motor', 'accion': 'Reemplazar', 'intervalo': '12,000 km'}, {'item': 'Filtro de aceite', 'accion': 'Reemplazar', 'intervalo': '12,000 km'}, {'item': 'Bujías', 'accion': 'Reemplazar', 'intervalo': '32,000 km'}, {'item': 'Líquido de frenos', 'accion': 'Reemplazar', 'intervalo': '2 años'}, {'item': 'Filtro de aire', 'accion': 'Reemplazar', 'intervalo': '24,000 km'}, {'item': 'Cadena', 'accion': 'Lubricar / ajustar', 'intervalo': '1,000 km'}, {'item': 'Válvulas', 'accion': 'Inspeccionar', 'intervalo': '16,000 km'}]","[{'nombre': 'Vibración en manillar', 'sintoma': 'Temblor notable a velocidades medias', 'solucion': 'Revisar balanceo; los contrapesos OEM a veces se aflojan'}, {'nombre': 'Mapa Sport muy agresivo', 'sintoma': 'Tirón violento al abrir gas', 'solucion': 'Usar mapa Standard en ciudad; Sport para carretera abierta'}]",2026-07-12T19:42:19.166745+00:00,honda,cb1000r
bmw-f750gs-2018,BMW,F 750 GS,2018–presente,3.0 L (con filtro),SAE 15W-50 sintético (BMW Motorrad),10 Nm,10000,"{'delantera': '36 PSI', 'trasera_solo': '42 PSI', 'trasera_cargada': '50 PSI'}",,"[{'item': 'Aceite de motor', 'accion': 'Reemplazar', 'intervalo': '10,000 km'}, {'item': 'Filtro de aceite', 'accion': 'Reemplazar', 'intervalo': '10,000 km'}, {'item': 'Bujías', 'accion': 'Reemplazar', 'intervalo': '20,000 km'}, {'item': 'Líquido de frenos', 'accion': 'Reemplazar', 'intervalo': '2 años'}, {'item': 'Filtro de aire', 'accion': 'Reemplazar', 'intervalo': '20,000 km'}, {'item': 'Cadena', 'accion': 'Lubricar / ajustar', 'intervalo': '1,000 km'}, {'item': 'Válvulas', 'accion': 'Inspeccionar', 'intervalo': '40,000 km'}]","[{'nombre': 'Vibración en manillar a 100–110 km/h', 'sintoma': 'Resonancia en ese rango de velocidad', 'solucion': 'Revisar balanceo de ruedas; fenómeno conocido en esta serie'}, {'nombre': 'Error sensor bancada', 'sintoma': 'Luz MIL encendida', 'solucion': 'Conectar diagnóstico BMW Motoraad Diagnostic; limpiar sensores O2'}, {'nombre': 'Fuga menor junta tapa válvulas', 'sintoma': 'Olor a aceite quemado', 'solucion': 'Reemplazar junta; problema reportado en unidades tempranas'}]",2026-07-12T19:42:58.089705+00:00,bmw,f 750 gs
bmw-f850gs-2018,BMW,F 850 GS,2018–presente,3.5 L (con filtro),SAE 15W-50 sintético (BMW Motorrad),10 Nm,10000,"{'delantera': '36 PSI', 'trasera_solo': '42 PSI', 'trasera_cargada': '50 PSI'}",F 850 GS Adventure,"[{'item': 'Aceite de motor', 'accion': 'Reemplazar', 'intervalo': '10,000 km'}, {'item': 'Filtro de aceite', 'accion': 'Reemplazar', 'intervalo': '10,000 km'}, {'item': 'Bujías', 'accion': 'Reemplazar', 'intervalo': '20,000 km'}, {'item': 'Líquido de frenos', 'accion': 'Reemplazar', 'intervalo': '2 años'}, {'item': 'Filtro de aire', 'accion': 'Reemplazar', 'intervalo': '20,000 km'}, {'item': 'Cadena', 'accion': 'Lubricar / ajustar', 'intervalo': '1,000 km'}, {'item': 'Válvulas', 'accion': 'Inspeccionar', 'intervalo': '40,000 km'}]","[{'nombre': 'Ruido mecánico frío', 'sintoma': 'Traqueteo al arrancar en frío', 'solucion': 'Esperar calentamiento completo; cambiar a aceite sintético 15W-50'}, {'nombre': 'Pantalla TFT con lag', 'sintoma': 'Menú tarda en responder', 'solucion': 'Actualizar firmware en concesionario BMW'}, {'nombre': 'Problema batería en reposo', 'sintoma': 'Batería descargada tras días sin uso', 'solucion': 'Usar cargador de mantenimiento; el sistema electrónico consume en reposo'}]",2026-07-12T19:42:58.089705+00:00,bmw,f 850 gs
bmw-f900r-2020,BMW,F 900 R,2020–presente,3.5 L (con filtro),SAE 15W-50 sintético (BMW Motorrad),10 Nm,10000,"{'delantera': '33 PSI', 'trasera_solo': '33 PSI', 'trasera_cargada': '36 PSI'}",,"[{'item': 'Aceite de motor', 'accion': 'Reemplazar', 'intervalo': '10,000 km'}, {'item': 'Filtro de aceite', 'accion': 'Reemplazar', 'intervalo': '10,000 km'}, {'item': 'Bujías', 'accion': 'Reemplazar', 'intervalo': '20,000 km'}, {'item': 'Líquido de frenos', 'accion': 'Reemplazar', 'intervalo': '2 años'}, {'item': 'Filtro de aire', 'accion': 'Reemplazar', 'intervalo': '20,000 km'}, {'item': 'Cadena', 'accion': 'Lubricar / ajustar', 'intervalo': '1,000 km'}]","[{'nombre': 'Luz indicadora servicio', 'sintoma': 'CBS Service Due en pantalla', 'solucion': 'Resetear en concesionario o con diagnóstico GS-911 tras servicio'}, {'nombre': 'Calor motor en piernas', 'sintoma': 'Temperatura alta hacia conductor', 'solucion': 'Normal en bicilíndrico paralelo; deflectores de calor opcionales BMW'}]",2026-07-12T19:42:58.089705+00:00,bmw,f 900 r
bmw-f900xr-2020,BMW,F 900 XR,2020–presente,3.5 L (con filtro),SAE 15W-50 sintético (BMW Motorrad),10 Nm,10000,"{'delantera': '36 PSI', 'trasera_solo': '42 PSI', 'trasera_cargada': '50 PSI'}",,"[{'item': 'Aceite de motor', 'accion': 'Reemplazar', 'intervalo': '10,000 km'}, {'item': 'Filtro de aceite', 'accion': 'Reemplazar', 'intervalo': '10,000 km'}, {'item': 'Bujías', 'accion': 'Reemplazar', 'intervalo': '20,000 km'}, {'item': 'Líquido de frenos', 'accion': 'Reemplazar', 'intervalo': '2 años'}, {'item': 'Filtro de aire', 'accion': 'Reemplazar', 'intervalo': '20,000 km'}, {'item': 'Cadena', 'accion': 'Lubricar / ajustar', 'intervalo': '1,000 km'}]","[{'nombre': 'Vibración pantalla a 130 km/h', 'sintoma': 'Turbulencia detrás del parabrisas', 'solucion': 'Ajustar altura del parabrisas; accesorio deflector BMW reduce turbulencia'}, {'nombre': 'Batería descarga rápido', 'sintoma': 'Problemas arranque en clima frío', 'solucion': 'Verificar carga batería; en climas fríos usar cargador de mantenimiento'}]",2026-07-12T19:42:58.089705+00:00,bmw,f 900 xr
bmw-s1000rr-2019,BMW,S 1000 RR,2019–presente,4.0 L (con filtro),SAE 15W-50 sintético (BMW Motorrad),10 Nm,10000,"{'delantera': '33 PSI', 'trasera_solo': '26 PSI'}",M Package,"[{'item': 'Aceite de motor', 'accion': 'Reemplazar', 'intervalo': '10,000 km (calle) / 3,000 km (pista)'}, {'item': 'Filtro de aceite', 'accion': 'Reemplazar', 'intervalo': 'cada cambio de aceite'}, {'item': 'Bujías', 'accion': 'Reemplazar', 'intervalo': '20,000 km'}, {'item': 'Líquido de frenos', 'accion': 'Reemplazar', 'intervalo': '1 año (pista) / 2 años (calle)'}, {'item': 'Filtro de aire', 'accion': 'Reemplazar', 'intervalo': '20,000 km'}, {'item': 'Cadena', 'accion': 'Lubricar / ajustar', 'intervalo': '500 km (pista)'}, {'item': 'Válvulas', 'accion': 'Inspeccionar', 'intervalo': '12,000 km'}]","[{'nombre': 'Error DDC en suspensión', 'sintoma': 'Luz DDC / error amortiguación', 'solucion': 'Verificar conectores bajo carenado; puede requerir calibración en dealer'}, {'nombre': 'Consumo aceite en pista', 'sintoma': 'Nivel baja notablemente', 'solucion': 'Normal hasta 0.5L por sesión intensa; usar aceite full sintético Racing'}, {'nombre': 'Sensor cigüeñal falso error', 'sintoma': 'Moto no arranca, error sensor', 'solucion': 'Limpiar sensor y reluctor con limpiador electrónico; verificar conector'}]",2026-07-12T19:42:58.089705+00:00,bmw,s 1000 rr
bmw-s1000xr-2020,BMW,S 1000 XR,2020–presente,4.0 L (con filtro),SAE 15W-50 sintético (BMW Motorrad),10 Nm,10000,"{'delantera': '36 PSI', 'trasera_solo': '42 PSI', 'trasera_cargada': '50 PSI'}",,"[{'item': 'Aceite de motor', 'accion': 'Reemplazar', 'intervalo': '10,000 km'}, {'item': 'Filtro de aceite', 'accion': 'Reemplazar', 'intervalo': '10,000 km'}, {'item': 'Bujías', 'accion': 'Reemplazar', 'intervalo': '20,000 km'}, {'item': 'Líquido de frenos', 'accion': 'Reemplazar', 'intervalo': '2 años'}, {'item': 'Filtro de aire', 'accion': 'Reemplazar', 'intervalo': '20,000 km'}, {'item': 'Cadena', 'accion': 'Lubricar / ajustar', 'intervalo': '1,000 km'}]","[{'nombre': 'Vibración alta velocidad', 'sintoma': 'Temblor >150 km/h', 'solucion': 'Verificar balanceo de ruedas; posible desgaste asimétrico de neumático'}, {'nombre': 'Error DTC agresivo', 'sintoma': 'Corte de potencia en curva', 'solucion': 'Ajustar sensibilidad DTC; usar modo Road/Dynamic según condición'}]",2026-07-12T19:42:58.089705+00:00,bmw,s 1000 xr
bmw-r1250r-2019,BMW,R 1250 R,2019–presente,4.0 L (con filtro),SAE 15W-50 sintético (BMW Motorrad),10 Nm,10000,"{'delantera': '33 PSI', 'trasera_solo': '36 PSI', 'trasera_cargada': '42 PSI'}",,"[{'item': 'Aceite de motor', 'accion': 'Reemplazar', 'intervalo': '10,000 km'}, {'item': 'Filtro de aceite', 'accion': 'Reemplazar', 'intervalo': '10,000 km'}, {'item': 'Bujías', 'accion': 'Reemplazar', 'intervalo': '20,000 km'}, {'item': 'Líquido de frenos', 'accion': 'Reemplazar', 'intervalo': '2 años'}, {'item': 'Filtro de aire', 'accion': 'Reemplazar', 'intervalo': '20,000 km'}, {'item': 'Cardán', 'accion': 'Inspeccionar / lubricar', 'intervalo': '20,000 km'}]","[{'nombre': 'Efecto cardán (reacción)', 'sintoma': 'Movimiento chasis al acelerar / frenar', 'solucion': 'Normal en motos con cardán; técnica de conducción suave minimiza efecto'}, {'nombre': 'Ruido ShiftCam cambiando mapa', 'sintoma': 'Clic audible al cambiar entre modos', 'solucion': 'Normal del sistema ShiftCam; no es falla mecánica'}]",2026-07-12T19:42:58.089705+00:00,bmw,r 1250 r
triumph-tiger660-2022,Triumph,Tiger Sport 660,2022–presente,2.5 L (con filtro),SAE 10W-40 JASO MA/MA2,22 Nm,10000,"{'delantera': '36 PSI', 'trasera_solo': '42 PSI', 'trasera_cargada': '50 PSI'}",,"[{'item': 'Aceite de motor', 'accion': 'Reemplazar', 'intervalo': '10,000 km'}, {'item': 'Filtro de aceite', 'accion': 'Reemplazar', 'intervalo': '10,000 km'}, {'item': 'Bujías', 'accion': 'Reemplazar', 'intervalo': '24,000 km'}, {'item': 'Líquido de frenos', 'accion': 'Reemplazar', 'intervalo': '2 años'}, {'item': 'Filtro de aire', 'accion': 'Reemplazar', 'intervalo': '24,000 km'}, {'item': 'Cadena', 'accion': 'Lubricar / ajustar', 'intervalo': '800 km'}, {'item': 'Válvulas', 'accion': 'Inspeccionar', 'intervalo': '24,000 km'}]","[{'nombre': 'Vibración tricilíndrico', 'sintoma': 'Temblor en manillar a ciertas RPM', 'solucion': 'Normal del triple; verificar balanceo y contrapesos'}, {'nombre': 'Calor en escape hacia pierna', 'sintoma': 'Quemadura leve pierna derecha', 'solucion': 'Instalar protector de escape OEM o aftermarket'}]",2026-07-12T19:43:30.68543+00:00,triumph,tiger sport 660
triumph-trident660-2021,Triumph,Trident 660,2021–presente,2.5 L (con filtro),SAE 10W-40 JASO MA/MA2,22 Nm,10000,"{'delantera': '33 PSI', 'trasera_solo': '33 PSI', 'trasera_cargada': '36 PSI'}",,"[{'item': 'Aceite de motor', 'accion': 'Reemplazar', 'intervalo': '10,000 km'}, {'item': 'Filtro de aceite', 'accion': 'Reemplazar', 'intervalo': '10,000 km'}, {'item': 'Bujías', 'accion': 'Reemplazar', 'intervalo': '24,000 km'}, {'item': 'Líquido de frenos', 'accion': 'Reemplazar', 'intervalo': '2 años'}, {'item': 'Filtro de aire', 'accion': 'Reemplazar', 'intervalo': '24,000 km'}, {'item': 'Cadena', 'accion': 'Lubricar / ajustar', 'intervalo': '800 km'}]","[{'nombre': 'Juego excesivo en cadena', 'sintoma': 'Cadena suelta tras pocos km', 'solucion': 'El estiramiento inicial es normal; ajustar cada 800 km en rodaje'}, {'nombre': 'Luz de falla intermitente', 'sintoma': 'MIL parpadea sin código', 'solucion': 'Verificar conector sensor O2; limpiar conexiones eléctricas'}]",2026-07-12T19:43:30.68543+00:00,triumph,trident 660
triumph-tiger900-2020,Triumph,Tiger 900,2020–presente,3.0 L (con filtro),SAE 10W-40 JASO MA/MA2,22 Nm,10000,"{'delantera': '36 PSI', 'trasera_solo': '42 PSI', 'trasera_cargada': '50 PSI'}","Tiger 900 GT, Tiger 900 Rally","[{'item': 'Aceite de motor', 'accion': 'Reemplazar', 'intervalo': '10,000 km'}, {'item': 'Filtro de aceite', 'accion': 'Reemplazar', 'intervalo': '10,000 km'}, {'item': 'Bujías', 'accion': 'Reemplazar', 'intervalo': '24,000 km'}, {'item': 'Líquido de frenos', 'accion': 'Reemplazar', 'intervalo': '2 años'}, {'item': 'Filtro de aire', 'accion': 'Reemplazar', 'intervalo': '24,000 km'}, {'item': 'Cadena', 'accion': 'Lubricar / ajustar', 'intervalo': '800 km'}, {'item': 'Válvulas', 'accion': 'Inspeccionar', 'intervalo': '24,000 km'}]","[{'nombre': 'Ruido escape off-road', 'sintoma': 'Vibración en guardabarro', 'solucion': 'Verificar soporte escape bien apretado; común en versión Rally'}, {'nombre': 'Consumo elevado en off-road', 'sintoma': '>5.5L/100km en pistas', 'solucion': 'Normal en terreno difícil; en carretera esperar 4–5L/100km'}]",2026-07-12T19:43:30.68543+00:00,triumph,tiger 900
triumph-tiger1200-2022,Triumph,Tiger 1200,2022–presente,4.1 L (con filtro),SAE 10W-40 JASO MA/MA2,22 Nm,16000,"{'delantera': '36 PSI', 'trasera_solo': '42 PSI', 'trasera_cargada': '50 PSI'}","Tiger 1200 GT, Tiger 1200 Rally","[{'item': 'Aceite de motor', 'accion': 'Reemplazar', 'intervalo': '16,000 km'}, {'item': 'Filtro de aceite', 'accion': 'Reemplazar', 'intervalo': '16,000 km'}, {'item': 'Bujías', 'accion': 'Reemplazar', 'intervalo': '32,000 km'}, {'item': 'Líquido de frenos', 'accion': 'Reemplazar', 'intervalo': '2 años'}, {'item': 'Filtro de aire', 'accion': 'Reemplazar', 'intervalo': '32,000 km'}, {'item': 'Cadena', 'accion': 'Lubricar / ajustar', 'intervalo': '800 km'}, {'item': 'Válvulas', 'accion': 'Inspeccionar', 'intervalo': '32,000 km'}]","[{'nombre': 'Actualización firmware OTA', 'sintoma': 'Moto solicita actualización', 'solucion': 'Realizar actualización en concesionario Triumph; mejora estabilidad electrónica'}, {'nombre': 'Peso elevado en maniobras', 'sintoma': 'Difícil maniobrar a baja velocidad', 'solucion': 'Normal >260 kg; practicar en parking; usar control de crucero en autopista'}]",2026-07-12T19:43:30.68543+00:00,triumph,tiger 1200
triumph-speedtriple1200rs,Triumph,Speed Triple 1200 RS,2021–presente,3.5 L (con filtro),SAE 10W-40 JASO MA/MA2,22 Nm,16000,"{'delantera': '33 PSI', 'trasera_solo': '29 PSI'}",,"[{'item': 'Aceite de motor', 'accion': 'Reemplazar', 'intervalo': '16,000 km'}, {'item': 'Filtro de aceite', 'accion': 'Reemplazar', 'intervalo': '16,000 km'}, {'item': 'Bujías', 'accion': 'Reemplazar', 'intervalo': '32,000 km'}, {'item': 'Líquido de frenos', 'accion': 'Reemplazar', 'intervalo': '2 años (1 año pista)'}, {'item': 'Filtro de aire', 'accion': 'Reemplazar', 'intervalo': '32,000 km'}, {'item': 'Cadena', 'accion': 'Lubricar / ajustar', 'intervalo': '500 km (pista)'}]","[{'nombre': 'Mapa Track muy agresivo', 'sintoma': 'Entrega de potencia violenta', 'solucion': 'Usar Road o Sport en calle; Track solo en circuito'}, {'nombre': 'Temperatura frenos en pista', 'sintoma': 'Frenos esponjosos tras sesión', 'solucion': 'Reemplazar líquido de frenos por DOT4 Racing; purgar bien el sistema'}]",2026-07-12T19:43:30.68543+00:00,triumph,speed triple 1200 rs
triumph-scrambler1200,Triumph,Scrambler 1200,2019–presente,3.5 L (con filtro),SAE 10W-40 JASO MA/MA2,22 Nm,16000,"{'delantera': '29 PSI', 'trasera_solo': '29 PSI', 'trasera_cargada': '33 PSI'}","Scrambler 1200 XC, XE","[{'item': 'Aceite de motor', 'accion': 'Reemplazar', 'intervalo': '16,000 km'}, {'item': 'Filtro de aceite', 'accion': 'Reemplazar', 'intervalo': '16,000 km'}, {'item': 'Bujías', 'accion': 'Reemplazar', 'intervalo': '32,000 km'}, {'item': 'Líquido de frenos', 'accion': 'Reemplazar', 'intervalo': '2 años'}, {'item': 'Filtro de aire', 'accion': 'Reemplazar', 'intervalo': '32,000 km'}, {'item': 'Cadena', 'accion': 'Lubricar / ajustar', 'intervalo': '800 km'}]","[{'nombre': 'Escape alto golpea obstáculos', 'sintoma': 'Escape roza en off-road extremo', 'solucion': 'Normal en configuración XE; guardar ángulo de ataque en terreno técnico'}, {'nombre': 'Vibración a bajas RPM', 'sintoma': 'Temblor en manillar en ciudad', 'solucion': 'El carácter del twin paralelo; subir RPM o usar mapa Sport'}]",2026-07-12T19:43:30.68543+00:00,triumph,scrambler 1200
triumph-speedtwin900,Triumph,Speed Twin 900,2019–presente,3.0 L (con filtro),SAE 10W-40 JASO MA/MA2,22 Nm,16000,"{'delantera': '33 PSI', 'trasera_solo': '36 PSI', 'trasera_cargada': '40 PSI'}",,"[{'item': 'Aceite de motor', 'accion': 'Reemplazar', 'intervalo': '16,000 km'}, {'item': 'Filtro de aceite', 'accion': 'Reemplazar', 'intervalo': '16,000 km'}, {'item': 'Bujías', 'accion': 'Reemplazar', 'intervalo': '32,000 km'}, {'item': 'Líquido de frenos', 'accion': 'Reemplazar', 'intervalo': '2 años'}, {'item': 'Filtro de aire', 'accion': 'Reemplazar', 'intervalo': '32,000 km'}, {'item': 'Cadena', 'accion': 'Lubricar / ajustar', 'intervalo': '800 km'}]","[{'nombre': 'Goteo leve tapa balancines', 'sintoma': 'Olor aceite sin fuga visible', 'solucion': 'Verificar torque tapa; si persiste cambiar junta — problema reportado'}, {'nombre': 'Consumo aceite', 'sintoma': 'Nivel baja lentamente', 'solucion': 'Normal hasta 0.3L/1000km en rodaje; estabiliza tras 10,000 km'}]",2026-07-12T19:43:30.68543+00:00,triumph,speed twin 900
kawasaki-ninja650-2017,Kawasaki,Ninja 650,2017–presente,2.0 L (con filtro),SAE 10W-40 JASO MA/MA2,17 Nm,6000,"{'delantera': '33 PSI', 'trasera_solo': '33 PSI', 'trasera_cargada': '36 PSI'}",,"[{'item': 'Aceite de motor', 'accion': 'Reemplazar', 'intervalo': '6,000 km'}, {'item': 'Filtro de aceite', 'accion': 'Reemplazar', 'intervalo': '6,000 km'}, {'item': 'Bujías', 'accion': 'Reemplazar', 'intervalo': '24,000 km'}, {'item': 'Líquido de frenos', 'accion': 'Reemplazar', 'intervalo': '2 años'}, {'item': 'Filtro de aire', 'accion': 'Reemplazar', 'intervalo': '24,000 km'}, {'item': 'Cadena', 'accion': 'Lubricar / ajustar', 'intervalo': '1,000 km'}, {'item': 'Válvulas', 'accion': 'Inspeccionar', 'intervalo': '24,000 km'}]","[{'nombre': 'Bocina débil', 'sintoma': 'Bocina original muy tenue', 'solucion': 'Reemplazar por bocina aftermarket — problema conocido en toda la gama Kawasaki'}, {'nombre': 'Calor motor en tráfico', 'sintoma': 'Temperatura sube en ciudad', 'solucion': 'Verificar ventilador; normal en pequeño parallel twin'}, {'nombre': 'Embrague resbaloso en rodaje', 'sintoma': 'Patinaje bajo carga', 'solucion': 'Rodaje de 1,000 km primero; ajustar holgura cable embrague'}]",2026-07-12T19:44:18.666013+00:00,kawasaki,ninja 650
kawasaki-z650-2017,Kawasaki,Z650,2017–presente,2.0 L (con filtro),SAE 10W-40 JASO MA/MA2,17 Nm,6000,"{'delantera': '33 PSI', 'trasera_solo': '33 PSI', 'trasera_cargada': '36 PSI'}",,"[{'item': 'Aceite de motor', 'accion': 'Reemplazar', 'intervalo': '6,000 km'}, {'item': 'Filtro de aceite', 'accion': 'Reemplazar', 'intervalo': '6,000 km'}, {'item': 'Bujías', 'accion': 'Reemplazar', 'intervalo': '24,000 km'}, {'item': 'Líquido de frenos', 'accion': 'Reemplazar', 'intervalo': '2 años'}, {'item': 'Filtro de aire', 'accion': 'Reemplazar', 'intervalo': '24,000 km'}, {'item': 'Cadena', 'accion': 'Lubricar / ajustar', 'intervalo': '1,000 km'}]","[{'nombre': 'Vibración manubrio 90–110 km/h', 'sintoma': 'Hormigueo en manos', 'solucion': 'Revisar balanceo; los pesos de manubrio originales pueden aflojarse'}, {'nombre': 'Freno trasero muy sensible', 'sintoma': 'Bloqueo fácil en frenada', 'solucion': 'Técnica de frenada progresiva; el ABS trasero interviene correctamente'}]",2026-07-12T19:44:18.666013+00:00,kawasaki,z650
kawasaki-versys650-2015,Kawasaki,Versys 650,2015–presente,2.1 L (con filtro),SAE 10W-40 JASO MA/MA2,17 Nm,6000,"{'delantera': '33 PSI', 'trasera_solo': '36 PSI', 'trasera_cargada': '42 PSI'}",,"[{'item': 'Aceite de motor', 'accion': 'Reemplazar', 'intervalo': '6,000 km'}, {'item': 'Filtro de aceite', 'accion': 'Reemplazar', 'intervalo': '6,000 km'}, {'item': 'Bujías', 'accion': 'Reemplazar', 'intervalo': '24,000 km'}, {'item': 'Líquido de frenos', 'accion': 'Reemplazar', 'intervalo': '2 años'}, {'item': 'Filtro de aire', 'accion': 'Reemplazar', 'intervalo': '24,000 km'}, {'item': 'Cadena', 'accion': 'Lubricar / ajustar', 'intervalo': '1,000 km'}, {'item': 'Válvulas', 'accion': 'Inspeccionar', 'intervalo': '24,000 km'}]","[{'nombre': 'Ruido horquilla al frenar', 'sintoma': 'Chasquido en compresión delantera', 'solucion': 'Lubricar buje deslizante horquilla; verificar nivel de aceite en horquilla'}, {'nombre': 'Luz freno trasero siempre encendida', 'sintoma': 'Interruptor pedal mal ajustado', 'solucion': 'Ajustar interruptor de freno trasero en pedal'}, {'nombre': 'Vibración a baja velocidad', 'sintoma': 'Traqueteo al ralentí', 'solucion': 'Ajustar ralentí a 1,100–1,300 RPM; verificar sincronización cuerpos de aceleración'}]",2026-07-12T19:44:18.666013+00:00,kawasaki,versys 650
kawasaki-versys1000se-2019,Kawasaki,Versys 1000 SE,2019–presente,3.8 L (con filtro),SAE 10W-40 JASO MA/MA2,17 Nm,12000,"{'delantera': '36 PSI', 'trasera_solo': '42 PSI', 'trasera_cargada': '50 PSI'}",,"[{'item': 'Aceite de motor', 'accion': 'Reemplazar', 'intervalo': '12,000 km'}, {'item': 'Filtro de aceite', 'accion': 'Reemplazar', 'intervalo': '12,000 km'}, {'item': 'Bujías', 'accion': 'Reemplazar', 'intervalo': '24,000 km'}, {'item': 'Líquido de frenos', 'accion': 'Reemplazar', 'intervalo': '2 años'}, {'item': 'Filtro de aire', 'accion': 'Reemplazar', 'intervalo': '24,000 km'}, {'item': 'Cadena', 'accion': 'Lubricar / ajustar', 'intervalo': '1,000 km'}, {'item': 'Suspensión KECS', 'accion': 'Calibrar / verificar', 'intervalo': '20,000 km'}]","[{'nombre': 'Error suspensión electrónica', 'sintoma': 'Luz KECS en dashboard', 'solucion': 'Verificar conectores bajo carenado lateral; resetear en concesionario Kawasaki'}, {'nombre': 'Consumo alto en ciudad', 'sintoma': '>6L/100km en tráfico', 'solucion': 'Normal para inline-4 de 1L en ciudad; carretera baja a 5–5.5L'}]",2026-07-12T19:44:18.666013+00:00,kawasaki,versys 1000 se
kawasaki-z900-2017,Kawasaki,Z900,2017–presente,3.4 L (con filtro),SAE 10W-40 JASO MA/MA2,17 Nm,12000,"{'delantera': '33 PSI', 'trasera_solo': '33 PSI', 'trasera_cargada': '36 PSI'}","Z900 SE, Z900 50th Anniversary","[{'item': 'Aceite de motor', 'accion': 'Reemplazar', 'intervalo': '12,000 km'}, {'item': 'Filtro de aceite', 'accion': 'Reemplazar', 'intervalo': '12,000 km'}, {'item': 'Bujías', 'accion': 'Reemplazar', 'intervalo': '24,000 km'}, {'item': 'Líquido de frenos', 'accion': 'Reemplazar', 'intervalo': '2 años'}, {'item': 'Filtro de aire', 'accion': 'Reemplazar', 'intervalo': '24,000 km'}, {'item': 'Cadena', 'accion': 'Lubricar / ajustar', 'intervalo': '1,000 km'}, {'item': 'Válvulas', 'accion': 'Inspeccionar', 'intervalo': '24,000 km'}]","[{'nombre': 'Tirones a baja velocidad', 'sintoma': 'Movimiento abrupto en tráfico', 'solucion': 'Usar mapa Low en ciudad; ajustar sensibilidad TCS'}, {'nombre': 'Vibración 5,000–6,000 RPM', 'sintoma': 'Resonancia en rango medio', 'solucion': 'Zona de resonancia natural del inline-4; acelerar pasando ese rango'}]",2026-07-12T19:44:18.666013+00:00,kawasaki,z900
kawasaki-z900rs-2018,Kawasaki,Z900RS,2018–presente,3.4 L (con filtro),SAE 10W-40 JASO MA/MA2,17 Nm,12000,"{'delantera': '33 PSI', 'trasera_solo': '33 PSI', 'trasera_cargada': '36 PSI'}",Z900RS Cafe,"[{'item': 'Aceite de motor', 'accion': 'Reemplazar', 'intervalo': '12,000 km'}, {'item': 'Filtro de aceite', 'accion': 'Reemplazar', 'intervalo': '12,000 km'}, {'item': 'Bujías', 'accion': 'Reemplazar', 'intervalo': '24,000 km'}, {'item': 'Líquido de frenos', 'accion': 'Reemplazar', 'intervalo': '2 años'}, {'item': 'Filtro de aire', 'accion': 'Reemplazar', 'intervalo': '24,000 km'}, {'item': 'Cadena', 'accion': 'Lubricar / ajustar', 'intervalo': '1,000 km'}]","[{'nombre': 'Cromados con corrosión', 'sintoma': 'Manchas en piezas cromadas', 'solucion': 'Limpiar con cera protectora; el cromo OEM requiere mantenimiento frecuente'}, {'nombre': 'Escape caliente en pierna', 'sintoma': 'Calor del escape retro', 'solucion': 'Instalar protector wrap térmico o escudo térmico aftermarket'}]",2026-07-12T19:44:18.666013+00:00,kawasaki,z900rs
kawasaki-ninja1000sx-2020,Kawasaki,Ninja 1000SX,2020–presente,3.8 L (con filtro),SAE 10W-40 JASO MA/MA2,17 Nm,12000,"{'delantera': '36 PSI', 'trasera_solo': '42 PSI', 'trasera_cargada': '50 PSI'}",,"[{'item': 'Aceite de motor', 'accion': 'Reemplazar', 'intervalo': '12,000 km'}, {'item': 'Filtro de aceite', 'accion': 'Reemplazar', 'intervalo': '12,000 km'}, {'item': 'Bujías', 'accion': 'Reemplazar', 'intervalo': '24,000 km'}, {'item': 'Líquido de frenos', 'accion': 'Reemplazar', 'intervalo': '2 años'}, {'item': 'Filtro de aire', 'accion': 'Reemplazar', 'intervalo': '24,000 km'}, {'item': 'Cadena', 'accion': 'Lubricar / ajustar', 'intervalo': '1,000 km'}, {'item': 'Válvulas', 'accion': 'Inspeccionar', 'intervalo': '24,000 km'}]","[{'nombre': 'Carga USB lenta', 'sintoma': 'Puerto USB no carga rápido', 'solucion': 'Solo 5V/1A; usar adaptador externo para carga rápida'}, {'nombre': 'Pantalla TFT con reflejos', 'sintoma': 'Difícil leer con sol', 'solucion': 'Ajustar brillo al máximo; accesorio visera anti-reflejo disponible'}]",2026-07-12T19:44:18.666013+00:00,kawasaki,ninja 1000sx
kawasaki-zx6r-2019,Kawasaki,Ninja ZX-6R,2019–presente,3.9 L (con filtro),SAE 10W-40 JASO MA/MA2,17 Nm,12000,"{'delantera': '33 PSI', 'trasera_solo': '29 PSI'}",,"[{'item': 'Aceite de motor', 'accion': 'Reemplazar', 'intervalo': '12,000 km (calle) / 3,000 km (pista)'}, {'item': 'Filtro de aceite', 'accion': 'Reemplazar', 'intervalo': 'cada cambio'}, {'item': 'Bujías', 'accion': 'Reemplazar', 'intervalo': '24,000 km'}, {'item': 'Líquido de frenos', 'accion': 'Reemplazar', 'intervalo': '2 años (anual en pista)'}, {'item': 'Filtro de aire', 'accion': 'Reemplazar', 'intervalo': '24,000 km'}, {'item': 'Cadena', 'accion': 'Lubricar / ajustar', 'intervalo': '500 km (pista)'}]","[{'nombre': 'Potencia plana <9,000 RPM', 'sintoma': 'Poco pull en rango bajo', 'solucion': 'Normal en supersport; motor diseñado para >9,000 RPM. Evitar ciudad'}, {'nombre': 'Calor excesivo en piernas', 'sintoma': 'Temperatura alta del motor', 'solucion': 'Normal en full fairing deportivo; evitar tráfico prolongado'}]",2026-07-12T19:44:18.666013+00:00,kawasaki,ninja zx-6r
kawasaki-zx10r-2021,Kawasaki,Ninja ZX-10R,2021–presente,4.3 L (con filtro),SAE 10W-40 JASO MA/MA2,17 Nm,12000,"{'delantera': '33 PSI', 'trasera_solo': '26 PSI'}","ZX-10R SE, ZX-10RR","[{'item': 'Aceite de motor', 'accion': 'Reemplazar', 'intervalo': '12,000 km (calle) / 3,000 km (pista)'}, {'item': 'Filtro de aceite', 'accion': 'Reemplazar', 'intervalo': 'cada cambio'}, {'item': 'Bujías', 'accion': 'Reemplazar', 'intervalo': '24,000 km'}, {'item': 'Líquido de frenos', 'accion': 'Reemplazar', 'intervalo': '2 años (anual en pista)'}, {'item': 'Filtro de aire', 'accion': 'Reemplazar', 'intervalo': '24,000 km'}, {'item': 'Cadena', 'accion': 'Lubricar / ajustar', 'intervalo': '500 km (pista)'}, {'item': 'Válvulas', 'accion': 'Inspeccionar', 'intervalo': '24,000 km'}]","[{'nombre': 'KCMF agresivo en curva', 'sintoma': 'Corte notable al inclinarse', 'solucion': 'Ajustar nivel KCMF; en pista usar modo Track con mínima intervención'}, {'nombre': 'Consumo aceite en pista', 'sintoma': 'Nivel baja en sesión', 'solucion': 'Normal hasta 0.5L; usar aceite full sintético Racing 10W-40 o 10W-50'}]",2026-07-12T19:44:18.666013+00:00,kawasaki,ninja zx-10r
kawasaki-ninjah2-2015,Kawasaki,Ninja H2,2015–presente,4.5 L (con filtro),SAE 10W-40 JASO MA/MA2,17 Nm,12000,"{'delantera': '33 PSI', 'trasera_solo': '26 PSI'}","Ninja H2 Carbon, H2R (solo pista)","[{'item': 'Aceite de motor', 'accion': 'Reemplazar', 'intervalo': '12,000 km'}, {'item': 'Filtro de aceite', 'accion': 'Reemplazar', 'intervalo': '12,000 km'}, {'item': 'Bujías', 'accion': 'Reemplazar', 'intervalo': '24,000 km'}, {'item': 'Líquido de frenos', 'accion': 'Reemplazar', 'intervalo': '2 años'}, {'item': 'Filtro de aire', 'accion': 'Reemplazar', 'intervalo': '24,000 km'}, {'item': 'Compresor centrifugo', 'accion': 'Inspeccionar cojinetes', 'intervalo': '40,000 km'}, {'item': 'Cadena', 'accion': 'Lubricar / ajustar', 'intervalo': '500 km'}]","[{'nombre': 'Ruido compresor', 'sintoma': 'Silbido al acelerar', 'solucion': 'Normal del supercharger; silbido más agudo = posible desgaste de cojinetes, revisar'}, {'nombre': 'Consumo aceite elevado', 'sintoma': 'Nivel baja rápido', 'solucion': 'Verificar sellos compresor; consumo leve es normal en motores sobrealimentados'}, {'nombre': 'Calor extremo en ciudad', 'sintoma': 'Temperatura muy alta en tráfico', 'solucion': 'La H2 no está diseñada para ciudad; minimizar tiempos en tráfico. Verificar ventiladores'}]",2026-07-12T19:44:18.666013+00:00,kawasaki,ninja h2
yamaha-mt09-2021,Yamaha,MT-09,2021-2026,3.10 L (con filtro) — 2.85 L sin filtro,SAE 10W-40 JASO MA2,17 N·m — tapón vaciado: 43 N·m,10000,"{'delantera': 36, 'trasera_solo': 42, 'trasera_cargada': 42}",,"[{'item': 'Aceite de motor', 'accion': 'Cambiar', 'intervalo': '10.000 km o 1 año'}, {'item': 'Filtro de aceite', 'accion': 'Cambiar', 'intervalo': '10.000 km'}, {'item': 'Filtro de aire', 'accion': 'Limpiar/Cambiar', 'intervalo': '20.000 km'}, {'item': 'Bujías', 'accion': 'Inspeccionar/Cambiar', 'intervalo': '20.000 km'}, {'item': 'Holgura de válvulas', 'accion': 'Inspeccionar', 'intervalo': '40.000 km'}, {'item': 'Cadena de transmisión', 'accion': 'Lubricar y ajustar', 'intervalo': '1.000 km'}, {'item': 'Líquido de frenos', 'accion': 'Cambiar', 'intervalo': 'Cada 2 años'}, {'item': 'Líquido refrigerante', 'accion': 'Cambiar', 'intervalo': 'Cada 3 años'}]","[{'causa': 'Holgura fuera de especificación', 'falla': 'Ruido de válvulas (tapping)', 'solucion': 'Ajustar holgura cada 40.000 km'}, {'causa': 'Sensor de velocidad de rueda sucio', 'falla': 'Error TCS/ABS', 'solucion': 'Limpiar o reemplazar sensor; verificar anillo inductor'}, {'causa': 'Pesos de manillar flojos', 'falla': 'Vibraciones en el manillar', 'solucion': 'Revisar y ajustar pesos de manillar'}, {'causa': 'Sellos de válvulas desgastados', 'falla': 'Consumo elevado de aceite', 'solucion': 'Revisión en taller si supera 500 ml/1.000 km'}]",2026-07-12T19:41:43.588962+00:00,yamaha,mt-09
yamaha-tracer9gt-2021,Yamaha,Tracer 9 GT,2021–presente,3.20 L (con filtro) — 2.80 L sin filtro,SAE 10W-40 JASO MA2,17 N·m — tapón vaciado: 43 N·m,10000,"{'delantera': 36, 'trasera_solo': 42, 'trasera_cargada': 42}",,"[{'item': 'Aceite de motor', 'accion': 'Cambiar (1ª vez a 1.000 km, luego cada 10.000)', 'intervalo': '10.000 km o 1 año'}, {'item': 'Filtro de aceite', 'accion': 'Cambiar', 'intervalo': '10.000 km'}, {'item': 'Filtro de aire', 'accion': 'Cambiar', 'intervalo': '40.000 km'}, {'item': 'Bujías', 'accion': 'Inspeccionar/Cambiar', 'intervalo': '20.000 km'}, {'item': 'Holgura de válvulas', 'accion': 'Inspeccionar', 'intervalo': '40.000 km'}, {'item': 'Cadena de transmisión', 'accion': 'Lubricar y ajustar', 'intervalo': '1.000 km'}, {'item': 'Líquido de frenos', 'accion': 'Cambiar', 'intervalo': 'Cada 2 años'}, {'item': 'Líquido refrigerante', 'accion': 'Cambiar', 'intervalo': 'Cada 3 años'}, {'item': 'Mangueras de combustible y frenos', 'accion': 'Reemplazar', 'intervalo': 'Cada 4 años'}]","[{'causa': 'Pesos de manillar flojos', 'falla': 'Vibración excesiva en el manillar', 'solucion': 'Apretar o reemplazar pesos de manillar'}, {'causa': 'Sensor TPS, lambda o inyector con depósito', 'falla': 'Luz de avería FI', 'solucion': 'Leer DTC; limpiar inyectores'}, {'causa': 'Diseño del escape cercano a la pierna', 'falla': 'Calor excesivo en pierna derecha', 'solucion': 'Instalar deflector térmico o escape aftermarket'}, {'causa': 'Cadena sin lubricar o tensión incorrecta', 'falla': 'Ruido de cadena', 'solucion': 'Lubricar cada 1.000 km y ajustar tensión'}]",2026-07-12T19:41:43.588962+00:00,yamaha,tracer 9 gt
yamaha-supertenere-1200,Yamaha,Super Ténéré 1200,2010-2020,3.40 L (con filtro) — 3.10 L sin filtro — cardán: 0.20 L SAE 80W-90,SAE 10W-40 JASO MA2,17 N·m — tapón vaciado: 43 N·m,10000,"{'delantera': 36, 'trasera_solo': 42, 'trasera_cargada': 42}",,"[{'item': 'Aceite de motor', 'accion': 'Cambiar', 'intervalo': '10.000 km o 1 año'}, {'item': 'Filtro de aceite', 'accion': 'Cambiar', 'intervalo': '10.000 km'}, {'item': 'Aceite transmisión final (cardán)', 'accion': 'Cambiar — SAE 80W-90 API GL-5', 'intervalo': '20.000 km'}, {'item': 'Bujías', 'accion': 'Inspeccionar/Cambiar', 'intervalo': '20.000 km'}, {'item': 'Holgura de válvulas', 'accion': 'Inspeccionar', 'intervalo': '40.000 km'}, {'item': 'Filtro de aire', 'accion': 'Limpiar/Cambiar', 'intervalo': '40.000 km'}, {'item': 'Líquido refrigerante', 'accion': 'Cambiar', 'intervalo': 'Cada 3 años'}, {'item': 'Líquido de frenos', 'accion': 'Cambiar', 'intervalo': 'Cada 2 años'}]","[{'causa': 'Sellos del diferencial trasero desgastados', 'falla': 'Pérdida de aceite por sellos de cardán', 'solucion': 'Reemplazar sellos; revisar nivel aceite del cardán regularmente'}, {'causa': 'Alternador débil o consumo parásito', 'falla': 'Batería con descarga rápida', 'solucion': 'Revisar carga del alternador; usar mantenedor de batería'}, {'causa': 'Desgaste de horquillas de cambio', 'falla': 'Ruido en 2ª o 3ª marcha', 'solucion': 'Revisión en taller especializado'}, {'causa': 'Radiadores insuficientes para uso urbano intenso', 'falla': 'Sobrecalentamiento en ciudad', 'solucion': 'Revisar nivel de refrigerante; evitar tráfico intenso prolongado'}]",2026-07-12T19:41:43.588962+00:00,yamaha,super tenere 1200
vstrom1050-2020,Suzuki,V-Strom 1050 / XT / DE,2020+,3.70 L (con filtro) — 3.30 L sin filtro — revisión completa: 4.40 L,SAE 10W-40 API SG/SH/SJ/SL/SM/SN con JASO MA,20 N·m — tapón vaciado: 23 N·m,6000,"{'delantera': 36, 'trasera_solo': 42, 'trasera_cargada': 42}","Standard | XT (radios tubeless) | DE 2023+ (21"" delantera, off-road)","[{'item': 'Aceite de motor', 'accion': 'Cambiar', 'intervalo': '6.000 km o 1 año'}, {'item': 'Filtro de aceite', 'accion': 'Cambiar', 'intervalo': '6.000 km'}, {'item': 'Filtro de aire', 'accion': 'Limpiar/Cambiar', 'intervalo': '12.000 km'}, {'item': 'Bujías', 'accion': 'Inspeccionar/Cambiar', 'intervalo': '12.000 km'}, {'item': 'Holgura de válvulas', 'accion': 'Inspeccionar', 'intervalo': '24.000 km'}, {'item': 'Cadena de transmisión', 'accion': 'Lubricar y ajustar', 'intervalo': '1.000 km'}, {'item': 'Líquido refrigerante', 'accion': 'Cambiar', 'intervalo': 'Cada 2 años'}, {'item': 'Líquido de frenos', 'accion': 'Cambiar', 'intervalo': 'Cada 2 años'}]","[{'causa': 'Sensor de presión de aire o lambda descalibrado', 'falla': 'Luz de avería FI', 'solucion': 'Diagnóstico con SDS Suzuki; limpiar conector y releer DTC'}, {'causa': 'Frecuencia de resonancia del motor en V', 'falla': 'Vibración en espejos a ciertas RPM', 'solucion': 'Pesos de espejos aftermarket o ajuste de RPM de ralentí'}, {'causa': 'Manguera agrietada por calor', 'falla': 'Fuga de anticongelante manguera inferior', 'solucion': 'Inspeccionar mangueras; reemplazar cada 4 años'}, {'causa': 'Aceite espeso sin calentar', 'falla': 'Cambio duro en frío', 'solucion': 'Usar 10W-40 de calidad; calentar motor antes de circular'}]",2026-07-12T19:39:13.14661+00:00,suzuki,v-strom 1050 / xt / de
vstrom650-2007,Suzuki,V-Strom 650,2007–2014,2.70 L (con filtro) — 2.30 L sin filtro — revisión completa: 3.10 L,SAE 10W-40 API SF o SG,20 N·m — tapón vaciado: 21 N·m,6000,"{'delantera': 33, 'trasera_solo': 36, 'trasera_cargada': 41}",,"[{'item': 'Aceite de motor', 'accion': 'Cambiar', 'intervalo': '6.000 km o 1 año'}, {'item': 'Filtro de aceite', 'accion': 'Cambiar', 'intervalo': '6.000 km'}, {'item': 'Filtro de aire', 'accion': 'Limpiar/Cambiar', 'intervalo': '12.000 km'}, {'item': 'Bujías', 'accion': 'Inspeccionar/Cambiar', 'intervalo': '12.000 km'}, {'item': 'Holgura de válvulas', 'accion': 'Inspeccionar', 'intervalo': '24.000 km'}, {'item': 'Cadena de transmisión', 'accion': 'Lubricar y ajustar', 'intervalo': '1.000 km'}, {'item': 'Líquido refrigerante', 'accion': 'Cambiar', 'intervalo': 'Cada 2 años'}, {'item': 'Líquido de frenos', 'accion': 'Cambiar', 'intervalo': 'Cada 2 años'}]","[{'causa': 'Platos de embrague desgastados o mal lubricados', 'falla': 'Ruido seco en el embrague', 'solucion': 'Revisar platos; remojar en aceite 10W-40 antes de instalar'}, {'causa': 'Sensor de rueda sucio o conector oxidado', 'falla': 'Luz ABS encendida sin causa', 'solucion': 'Limpiar sensor y conector; verificar anillo inductor'}, {'causa': 'Junta desgastada o tornillos flojos', 'falla': 'Fuga de aceite por junta de tapa de válvulas', 'solucion': 'Reemplazar junta; apretar a torque especificado'}, {'causa': 'TPS descalibrado o mariposa sucia', 'falla': 'Ralentí inestable en frío', 'solucion': 'Limpiar cuerpo de mariposa; ajustar TPS'}]",2026-07-12T19:39:13.14661+00:00,suzuki,v-strom 650
vstrom650abs-2014,Suzuki,V-Strom 650 ABS,2014–2018,2.70 L (con filtro) — 2.30 L sin filtro — revisión completa: 3.10 L,SAE 10W-40 API SF o SG,20 N·m — tapón vaciado: 21 N·m,6000,"{'delantera': 33, 'trasera_solo': 36, 'trasera_cargada': 41}",,"[{'item': 'Aceite de motor', 'accion': 'Cambiar', 'intervalo': '6.000 km o 1 año'}, {'item': 'Filtro de aceite', 'accion': 'Cambiar', 'intervalo': '6.000 km'}, {'item': 'Filtro de aire', 'accion': 'Limpiar/Cambiar', 'intervalo': '12.000 km'}, {'item': 'Bujías', 'accion': 'Inspeccionar/Cambiar', 'intervalo': '12.000 km'}, {'item': 'Holgura de válvulas', 'accion': 'Inspeccionar', 'intervalo': '24.000 km'}, {'item': 'Cadena de transmisión', 'accion': 'Lubricar y ajustar', 'intervalo': '1.000 km'}, {'item': 'Líquido refrigerante', 'accion': 'Cambiar', 'intervalo': 'Cada 2 años'}, {'item': 'Líquido de frenos', 'accion': 'Cambiar', 'intervalo': 'Cada 2 años'}]","[{'causa': 'Platos de embrague desgastados o mal lubricados', 'falla': 'Ruido seco en el embrague', 'solucion': 'Revisar platos; remojar en aceite 10W-40 antes de instalar'}, {'causa': 'Sensor de rueda sucio o conector oxidado', 'falla': 'Luz ABS encendida sin causa', 'solucion': 'Limpiar sensor y conector; verificar anillo inductor'}, {'causa': 'Junta desgastada o tornillos flojos', 'falla': 'Fuga de aceite por junta de tapa de válvulas', 'solucion': 'Reemplazar junta; apretar a torque especificado'}, {'causa': 'TPS descalibrado o mariposa sucia', 'falla': 'Ralentí inestable en frío', 'solucion': 'Limpiar cuerpo de mariposa; ajustar TPS'}]",2026-07-12T19:39:13.14661+00:00,suzuki,v-strom 650 abs
vstrom650xt-2018,Suzuki,V-Strom 650 XT,2018+,2.70 L (con filtro) — 2.30 L sin filtro — revisión completa: 3.10 L,SAE 10W-40 API SF o SG,20 N·m — tapón vaciado: 21 N·m,6000,"{'delantera': 33, 'trasera_solo': 36, 'trasera_cargada': 41}",Standard (llantas aleación) | XT (radios tubeless 19/17),"[{'item': 'Aceite de motor', 'accion': 'Cambiar', 'intervalo': '6.000 km o 1 año'}, {'item': 'Filtro de aceite', 'accion': 'Cambiar', 'intervalo': '6.000 km'}, {'item': 'Filtro de aire', 'accion': 'Limpiar/Cambiar', 'intervalo': '12.000 km'}, {'item': 'Bujías', 'accion': 'Inspeccionar/Cambiar', 'intervalo': '12.000 km'}, {'item': 'Holgura de válvulas', 'accion': 'Inspeccionar', 'intervalo': '24.000 km'}, {'item': 'Cadena de transmisión', 'accion': 'Lubricar y ajustar', 'intervalo': '1.000 km'}, {'item': 'Líquido refrigerante', 'accion': 'Cambiar', 'intervalo': 'Cada 2 años'}, {'item': 'Líquido de frenos', 'accion': 'Cambiar', 'intervalo': 'Cada 2 años'}]","[{'causa': 'Platos de embrague desgastados o mal lubricados', 'falla': 'Ruido seco en el embrague', 'solucion': 'Revisar platos; remojar en aceite 10W-40 antes de instalar'}, {'causa': 'Sensor de rueda sucio o conector oxidado', 'falla': 'Luz ABS encendida sin causa', 'solucion': 'Limpiar sensor y conector; verificar anillo inductor'}, {'causa': 'Junta desgastada o tornillos flojos', 'falla': 'Fuga de aceite por junta de tapa de válvulas', 'solucion': 'Reemplazar junta; apretar a torque especificado'}, {'causa': 'TPS descalibrado o mariposa sucia', 'falla': 'Ralentí inestable en frío', 'solucion': 'Limpiar cuerpo de mariposa; ajustar TPS'}]",2026-07-12T19:39:13.14661+00:00,suzuki,v-strom 650 xt
bmw-r1250gs-2019,BMW,R 1250 GS,2019–presente,4.0 L (con filtro),SAE 10W-60 o 15W-50 (BMW Motorrad FS-04 — Shell Advance Ultra 4 o equiv. aprobado BMW),10 N·m — tapón vaciado: 25 N·m,10000,"{'delantera': 36, 'trasera_solo': 42, 'trasera_cargada': 42}","R 1250 GS Adventure, R 1250 GS Trophy","[{'item': 'Aceite de motor', 'accion': 'Cambiar (Servicio BMW)', 'intervalo': '10.000 km o 1 año'}, {'item': 'Filtro de aceite', 'accion': 'Cambiar', 'intervalo': '10.000 km'}, {'item': 'Bujías', 'accion': 'Inspeccionar/Cambiar', 'intervalo': '20.000 km'}, {'item': 'Filtro de aire', 'accion': 'Cambiar', 'intervalo': '20.000 km'}, {'item': 'Holgura de válvulas (ShiftCam)', 'accion': 'Inspeccionar', 'intervalo': '20.000 km'}, {'item': 'Líquido refrigerante', 'accion': 'Cambiar', 'intervalo': 'Cada 3 años'}, {'item': 'Líquido de frenos', 'accion': 'Cambiar', 'intervalo': 'Cada 2 años'}, {'item': 'Aceite de cardán EVO', 'accion': 'Cambiar', 'intervalo': '40.000 km'}]","[{'causa': 'Ciclos térmicos en cabezas externas', 'falla': 'Pérdida de aceite por junta de culata (boxer)', 'solucion': 'Inspeccionar juntas; apretar pernos en secuencia correcta'}, {'causa': 'Sensor de velocidad con humedad o inclinación descalibrado', 'falla': 'Error ABS/DTC en frío', 'solucion': 'Limpiar sensores; diagnóstico con GS-911 o BMW diagnostics'}, {'causa': 'Aceite degradado o depósito en actuador', 'falla': 'Fallo del sistema ShiftCam', 'solucion': 'Cambiar aceite a tiempo; usar aceite BMW aprobado'}, {'causa': 'Lubricación insuficiente o desgaste de corona/piñón', 'falla': 'Ruido en cardán EVO', 'solucion': 'Verificar nivel aceite cardán; cambiar cada 40.000 km'}]",2026-07-12T19:42:58.089705+00:00,bmw,r 1250 gs
bmw-r1250gs-adventure,BMW,R 1250 GS Adventure,2019-2023,4.0 L (con filtro),SAE 10W-60 o 15W-50 (BMW Motorrad FS-04),10 N·m — tapón vaciado: 25 N·m,10000,"{'delantera': 36, 'trasera_solo': 42, 'trasera_cargada': 42}",R 1250 GS Adventure / R 1250 GS Adventure Triple Black,"[{'item': 'Aceite de motor', 'accion': 'Cambiar', 'intervalo': '10.000 km o 1 año'}, {'item': 'Filtro de aceite', 'accion': 'Cambiar', 'intervalo': '10.000 km'}, {'item': 'Bujías', 'accion': 'Inspeccionar/Cambiar', 'intervalo': '20.000 km'}, {'item': 'Filtro de aire', 'accion': 'Cambiar', 'intervalo': '20.000 km (antes en off-road)'}, {'item': 'Holgura de válvulas (ShiftCam)', 'accion': 'Inspeccionar', 'intervalo': '20.000 km'}, {'item': 'Líquido refrigerante', 'accion': 'Cambiar', 'intervalo': 'Cada 3 años'}, {'item': 'Líquido de frenos', 'accion': 'Cambiar', 'intervalo': 'Cada 2 años'}, {'item': 'Aceite de cardán EVO', 'accion': 'Cambiar', 'intervalo': '40.000 km'}, {'item': 'Filtro de combustible', 'accion': 'Cambiar', 'intervalo': '40.000 km'}]","[{'causa': 'Ciclos térmicos en cabezas externas', 'falla': 'Pérdida de aceite por junta de culata (boxer)', 'solucion': 'Inspeccionar juntas; apretar pernos en secuencia'}, {'causa': 'Sensor de velocidad o inclinación con humedad', 'falla': 'Error ABS/DTC en frío', 'solucion': 'Limpiar sensores; diagnóstico con GS-911'}, {'causa': 'Aceite degradado o depósito en actuador', 'falla': 'Fallo ShiftCam', 'solucion': 'Cambiar aceite a tiempo; aceite BMW aprobado'}, {'causa': 'Uso en tierra sin limpieza del filtro', 'falla': 'Filtro de aire obstruido (off-road)', 'solucion': 'Inspeccionar filtro cada 5.000 km en off-road'}]",2026-07-13T04:35:38.714548+00:00,bmw,r 1250 gs adventure
bmw-r1200gs-2014,BMW,R 1200 GS,2004-2018,4.0 L (con filtro),SAE 10W-60 o 15W-50 (BMW Motorrad FS-04),10 N·m — tapón vaciado: 25 N·m,10000,"{'delantera': 36, 'trasera_solo': 42, 'trasera_cargada': 42}",R 1200 GS / R 1200 GS Adventure / R 1200 GS LC,"[{'item': 'Aceite de motor', 'accion': 'Cambiar', 'intervalo': '10.000 km o 1 año'}, {'item': 'Filtro de aceite', 'accion': 'Cambiar', 'intervalo': '10.000 km'}, {'item': 'Bujías', 'accion': 'Inspeccionar/Cambiar', 'intervalo': '20.000 km'}, {'item': 'Filtro de aire', 'accion': 'Cambiar', 'intervalo': '20.000 km'}, {'item': 'Holgura de válvulas', 'accion': 'Inspeccionar', 'intervalo': '20.000 km'}, {'item': 'Líquido refrigerante', 'accion': 'Cambiar', 'intervalo': 'Cada 3 años'}, {'item': 'Líquido de frenos', 'accion': 'Cambiar', 'intervalo': 'Cada 2 años'}, {'item': 'Aceite de cardán', 'accion': 'Cambiar', 'intervalo': '40.000 km'}]","[{'causa': 'Sobrecalentamiento o juntas de menor calidad', 'falla': 'Pérdida de aceite por junta de culata derecha', 'solucion': 'Reemplazar juntas de culata; verificar torque en culata derecha'}, {'causa': 'Holgura de válvulas ampliada', 'falla': 'Ruido de tick en frío (válvulas)', 'solucion': 'Ajustar holgura en servicio cada 20.000 km'}, {'causa': 'Sensor expuesto a barro y vibración', 'falla': 'Falla sensor ABS rueda trasera', 'solucion': 'Limpiar o reemplazar sensor; proteger con funda de goma'}, {'causa': 'Junta de neopreno envejecida', 'falla': 'Fuga de aceite por tapa de balancines', 'solucion': 'Reemplazar junta de tapa de balancines en taller'}]",2026-07-13T04:35:38.714548+00:00,bmw,r 1200 gs
bmw-f700gs,BMW,F 700 GS,2013-2017,3.0 L (con filtro),SAE 10W-60 o 15W-50 (BMW Motorrad FS-04),10 N·m — tapón vaciado: 25 N·m,10000,"{'delantera': 32, 'trasera_solo': 36, 'trasera_cargada': 42}",F 700 GS / F 700 GS Premium,"[{'item': 'Aceite de motor', 'accion': 'Cambiar', 'intervalo': '10.000 km o 1 año'}, {'item': 'Filtro de aceite', 'accion': 'Cambiar', 'intervalo': '10.000 km'}, {'item': 'Bujías', 'accion': 'Inspeccionar/Cambiar', 'intervalo': '20.000 km'}, {'item': 'Filtro de aire', 'accion': 'Cambiar', 'intervalo': '20.000 km'}, {'item': 'Holgura de válvulas', 'accion': 'Inspeccionar', 'intervalo': '10.000 km'}, {'item': 'Cadena de transmisión', 'accion': 'Lubricar y ajustar', 'intervalo': '1.000 km'}, {'item': 'Líquido refrigerante', 'accion': 'Cambiar', 'intervalo': 'Cada 3 años'}, {'item': 'Líquido de frenos', 'accion': 'Cambiar', 'intervalo': 'Cada 2 años'}]","[{'causa': 'Inyectores con depósito de combustible', 'falla': 'Ruido de inyectores a baja RPM', 'solucion': 'Aditivo limpia inyectores; si persiste ultrasonido o reemplazo'}, {'causa': 'Sellos de válvulas o pistones desgastados', 'falla': 'Consumo de aceite elevado', 'solucion': 'Revisión de compresión; reemplazo de sellos si >500 ml/1.000 km'}, {'causa': 'Sensor oxidado o conector suelto', 'falla': 'Error sensor de temperatura de refrigerante', 'solucion': 'Limpiar conector; reemplazar sensor'}, {'causa': 'Motor paralelo sin contrarrotación perfecta', 'falla': 'Vibración en ralentí', 'solucion': 'Sincronizar cuerpos de mariposa; ajustar ralentí'}]",2026-07-13T04:35:38.714548+00:00,bmw,f 700 gs
bmw-r1300gs-2024,BMW,R 1300 GS,2024-2025,4.0 L (con filtro),SAE 5W-40 o 0W-40 (BMW Longlife-04),10 N·m — tapón vaciado: 25 N·m,10000,"{'delantera': 36, 'trasera_solo': 42, 'trasera_cargada': 42}",R 1300 GS / R 1300 GS Adventure,"[{'item': 'Aceite de motor', 'accion': 'Cambiar', 'intervalo': '10.000 km o 1 año'}, {'item': 'Filtro de aceite', 'accion': 'Cambiar', 'intervalo': '10.000 km'}, {'item': 'Bujías', 'accion': 'Inspeccionar/Cambiar', 'intervalo': '20.000 km'}, {'item': 'Filtro de aire', 'accion': 'Cambiar', 'intervalo': '20.000 km'}, {'item': 'Holgura de válvulas (ShiftCam 2.0)', 'accion': 'Inspeccionar', 'intervalo': '20.000 km'}, {'item': 'Líquido refrigerante', 'accion': 'Cambiar', 'intervalo': 'Cada 3 años'}, {'item': 'Líquido de frenos', 'accion': 'Cambiar', 'intervalo': 'Cada 2 años'}, {'item': 'Aceite de cardán EVO', 'accion': 'Cambiar', 'intervalo': '40.000 km'}]","[{'causa': 'Batería baja durante actualización ECU', 'falla': 'Actualización OTA fallida', 'solucion': 'Mantener batería >12.5V o conectar cargador durante OTA'}, {'causa': 'Aceite degradado o baja presión en actuador', 'falla': 'Error ShiftCam 2.0 (luz de avería)', 'solucion': 'Cambiar aceite; verificar presión; usar aceite BMW aprobado'}, {'causa': 'Holgura normal vs. desgaste en cardán EVO', 'falla': 'Ruido de cardán en aceleración suave', 'solucion': 'Verificar nivel aceite del cardán; si persiste revisión en taller BMW'}, {'causa': 'Batería debilitada o sensor de inclinación', 'falla': 'Sistema ASA (stop/start) falla', 'solucion': 'Revisar batería (min. 80% CCA); calibrar sensor de inclinación'}]",2026-07-13T04:35:38.714548+00:00,bmw,r 1300 gs
