id,ride_id,uid,rol,nombre,lat,lon,speed_kmh,last_seen,joined_at,status_code,emergency_name,emergency_phone,distance_km,duration_seconds,max_speed_kmh,video_url,finished_at,notes,hidden
026941e5-ff01-4a83-953e-68852ee214f0,TPZ8YH,51980b91-e2de-4698-ad81-4d40cabe47b1,rider,Samuel,6.32621164,-75.54930495,0,2026-07-20 23:28:02.724+00,2026-07-20 23:10:22.736074+00,0,,,0.0531368664707658,312,1.4759999871254,,2026-07-20 23:54:03.673928+00,,True
038733e1-a7ab-4de2-a398-8dd4a4f64820,386VGD,51980b91-e2de-4698-ad81-4d40cabe47b1,lider,Red,6.32560394,-75.54990178,7.02000017166138,2026-07-19 22:43:39.342+00,2026-07-19 22:08:56.394116+00,0,,,6.14137846921364,979,92.5559967041016,https://pub-9a54bf6f8816483d9d50f909922d2d81.r2.dev/386VGD/1784503714090.mp4,2026-07-19 23:21:08.938989+00,,True
03faaeb1-0edc-4dda-b35b-2e2be18c79ca,934WNS,51980b91-e2de-4698-ad81-4d40cabe47b1,rider,Redmi,6.2476492,-75.5703919,0,2026-07-17 14:14:03.925+00,2026-07-17 12:57:41.03953+00,0,,,5.74228835848875,2972,55.2240005493164,https://vzzxsdtsaahhzyctvmhx.supabase.co/storage/v1/object/public/ride-videos/934WNS/1784312686310.mp4,2026-07-17 18:49:09.264791+00,,True
04c61f55-10f3-4037-aa15-397bfbe542fb,P8ADZF,b9a04a06-cf2c-4cd7-ab32-36e345087984,lider,Motog,6.247863,-75.5704218,0,2026-06-30 17:40:26.043+00,2026-06-30 17:37:29.631492+00,0,,,,,,,2026-08-14 02:50:59.11564+00,,False
0a95416e-cb76-4544-8130-c3d20e284ed6,XDE3,51980b91-e2de-4698-ad81-4d40cabe47b1,lider,Samu,6.2476991,-75.5703095,0,2026-07-23 14:41:23.914+00,2026-07-23 14:17:56.763194+00,0,,,0,191,0,,2026-07-30 16:25:15.738383+00,,True
108f22cc-59af-45c9-a5dd-2770103c40b8,PMPATS,51980b91-e2de-4698-ad81-4d40cabe47b1,rider,Redmo,6.2469743,-75.5686587,0,2026-07-16 13:52:01.943+00,2026-07-16 13:08:59.931745+00,0,,,1.77577355159744,2487,39.0240005493164,,2026-07-16 19:42:35.041541+00,,True
151a2b55-bb87-4b60-afe3-2f71e3dc734d,DYTR,51980b91-e2de-4698-ad81-4d40cabe47b1,lider,Samuel,6.1363904,-75.5681185,0.123235434293747,2026-09-19 02:39:17.440311+00,2026-09-19 02:36:35.752208+00,0,,,0.00177337484743425,146,0.29015072286129,,2026-09-19 02:39:20.046224+00,,False
157bda6c-3d40-4e69-af9b-e015c256398a,76YPCD,ae17b979-507b-44fd-87d3-ee8d742adb13,lider,Moto,6.32611866,-75.54940751,0,2026-07-19 02:04:06.369+00,2026-07-19 01:04:36.26792+00,0,,,0.00301209122135771,229,0,,2026-07-19 02:22:38.896973+00,,True
15a4a824-7a5f-4728-b02c-e61952581dc9,8P4NAT,ae17b979-507b-44fd-87d3-ee8d742adb13,lider,Juan,6.2477947,-75.5703507,0,2026-07-30 17:56:50.360077+00,2026-07-30 17:54:56.832067+00,0,,,0,11,0,,2026-07-30 17:55:27.406751+00,,False
16f4da79-b70a-42d3-88d8-13933c74925a,MTANDP,ae17b979-507b-44fd-87d3-ee8d742adb13,lider,Moto,6.2478713,-75.5703656,0,2026-07-02 20:45:06.613+00,2026-07-02 19:45:21.825917+00,0,,,,,,,2026-08-14 02:50:59.11564+00,,False
17fa81d0-f10f-45d5-a37f-1bfb65aa7706,WX3H6G,ae17b979-507b-44fd-87d3-ee8d742adb13,lider,Motog,6.30679661,-75.55619977,6.58800015449524,2026-07-19 01:04:36.053+00,2026-07-18 23:52:20.995045+00,0,,,3.23865993708777,4246,33.3,https://pub-9a54bf6f8816483d9d50f909922d2d81.r2.dev/WX3H6G/1784425418813.mp4,2026-07-19 22:59:37.075854+00,,True
181181a0-5906-426f-a58a-3e9c0e3fe0e2,TPZ8YH,7066afa4-2186-4829-be5a-c3a3b68bf4c1,lider,Paula,6.32621833333333,-75.5496416666667,0,2026-07-21 00:11:40.366+00,2026-07-20 23:08:15.030201+00,3,,,,,,,2026-08-14 02:50:59.11564+00,,False
18758bc1-abd5-4dea-8729-066ff52447b4,573E,51980b91-e2de-4698-ad81-4d40cabe47b1,lider,Sam,6.325681,-75.5500489,17.0280000686646,2026-08-16 00:34:14.830834+00,2026-08-15 23:48:51.327273+00,0,,,11.0729353266038,2663,96.9840019226074,,2026-08-16 00:34:16.561261+00,,True
19e70a6a-087b-4080-ab6f-cc6db77472da,DHAH,51980b91-e2de-4698-ad81-4d40cabe47b1,lider,Smau,6.2477191,-75.5703333,0,2026-07-21 23:16:35.628+00,2026-07-21 22:59:35.730389+00,0,,,0,13,0,,2026-07-21 23:00:25.225518+00,,True
1b3a0df4-3728-4996-98bd-8fdbf7684023,UL69,51980b91-e2de-4698-ad81-4d40cabe47b1,lider,Smau,6.2170275,-75.2420802,5.68800015449524,2026-08-16 14:43:35.645764+00,2026-08-16 14:31:44.599957+00,0,,,,,,,2026-08-16 16:15:00.034153+00,,True
1b773714-3c91-4782-82c5-1458040f15e2,GZS5YA,51980b91-e2de-4698-ad81-4d40cabe47b1,lider,Red,6.32620657,-75.5492582,0.9,2026-07-19 02:09:28.904+00,2026-07-19 01:04:50.648637+00,0,,,0.0490674411611708,248,4.96799998283386,,2026-07-19 02:12:32.820292+00,,True
247c67a5-0e89-4c7a-bb79-3ca4a51d1c7f,SJFR,ae17b979-507b-44fd-87d3-ee8d742adb13,rider,Motorola,6.2477989,-75.5703617,0,2026-07-22 18:11:27.372+00,2026-07-22 17:11:42.667795+00,3,,,0,115,0,,2026-07-22 17:14:01.674399+00,,False
250c9636-715a-42fd-a5ac-08f37fb711c1,BENC,51980b91-e2de-4698-ad81-4d40cabe47b1,lider,Samuel,6.3266794,-75.5513782,1.36799998283386,2026-09-12 00:59:55.679516+00,2026-09-12 00:24:43.758638+00,0,,,11.4372560577269,1674,67.2120002746582,https://pub-9a54bf6f8816483d9d50f909922d2d81.r2.dev/BENC/1789174790458.mp4,2026-09-12 01:12:40.393358+00,,True
272caed0-f98c-42aa-8256-c300123ea7dd,YDB59Z,51980b91-e2de-4698-ad81-4d40cabe47b1,rider,Redmi,6.32619476,-75.5493049,0,2026-07-15 02:03:02.218+00,2026-07-15 00:18:48.666908+00,0,,,0.0546803946425769,2620,6.26400003433228,https://remotionlambda-useast1-ww5kt6a1c6.s3.us-east-1.amazonaws.com/renders/bnatpev3t1/ridera-YDB59Z-1784140462270.mp4,2026-07-15 18:34:21.067248+00,,True
27cf30cc-c079-468f-a35c-446c8c26d048,PUHN,51980b91-e2de-4698-ad81-4d40cabe47b1,lider,Samu,6.2477739,-75.5703393,0,2026-07-21 23:26:02.111+00,2026-07-21 23:19:06.410726+00,0,,,0,21,0,,2026-07-21 23:19:49.244662+00,,True
28bb5eb9-8ca7-478f-b27e-81ee344849ff,ZD3S,17a81c13-9895-454b-8e88-772583d93bc6,lider,Dag,6.2477794,-75.5703719,0,2026-08-11 19:17:07.005569+00,2026-08-11 18:16:22.467755+00,0,,,0,26,0,,2026-08-12 22:42:27.378329+00,,True
2c9cd185-9e53-4efe-83ba-8d4895c421d4,LXEMBH,51980b91-e2de-4698-ad81-4d40cabe47b1,lider,Remi,6.24547237,-75.56898303,3.27600009441376,2026-07-18 14:18:48.847+00,2026-07-18 13:30:24.101402+00,0,,,11.77460711495,2583,63.9,https://vzzxsdtsaahhzyctvmhx.supabase.co/storage/v1/object/public/ride-videos/LXEMBH/1784388327075.mp4,2026-07-18 19:45:13.247953+00,,True
2e3cb35f-b57e-4b86-9b90-ba65a14867f7,YUUU,51980b91-e2de-4698-ad81-4d40cabe47b1,lider,U,6.2477556,-75.5703617,1.52539372444153,2026-09-13 02:40:59.982356+00,2026-09-12 21:57:02.00792+00,0,,,13.4997301816463,0,43.7280647277832,https://pub-9a54bf6f8816483d9d50f909922d2d81.r2.dev/YUUU/1789267258079.mp4,2026-09-13 02:32:10.65178+00,,True
30f98506-a51d-48b3-b064-ca004809a466,SJFR,51980b91-e2de-4698-ad81-4d40cabe47b1,lider,Samuel,6.2477435,-75.5703662,0,2026-07-22 18:13:03.819+00,2026-07-22 17:10:26.538525+00,0,,,0,84,0,,2026-07-22 19:05:38.257221+00,,True
334065ec-048f-473c-9100-52f822cb1490,PMPATS,ae17b979-507b-44fd-87d3-ee8d742adb13,lider,Moto,6.2477799,-75.57029487,3.7439998626709,2026-07-16 14:50:57.416+00,2026-07-16 13:04:58.709867+00,0,,,0,2450,3.7439998626709,https://remotionlambda-useast1-ww5kt6a1c6.s3.us-east-1.amazonaws.com/renders/7oms9ro2o9/ridera-PMPATS-1784228280118.mp4,2026-07-16 20:54:50.585044+00,,True
341fba5a-5f29-4a7d-83f4-c59383ccec26,D8D6,51980b91-e2de-4698-ad81-4d40cabe47b1,lider,Smau,6.24655775,-75.567565,0,2026-07-23 00:06:26.42+00,2026-07-22 23:56:52.211705+00,0,,,,,,,2026-08-14 02:50:59.11564+00,,True
34c10912-6507-42d4-9f9e-95fc3ec26b0e,MVS7ZM,51980b91-e2de-4698-ad81-4d40cabe47b1,lider,Remi,6.2477942,-75.570358,0,2026-07-04 18:57:08.822+00,2026-07-04 18:31:09.171651+00,0,,,,,,,2026-08-14 02:50:59.11564+00,,True
351dd666-90a5-4676-8164-2fc09d15c5cc,BHA2,51980b91-e2de-4698-ad81-4d40cabe47b1,lider,Samuel,6.32649396,-75.54916588,0,2026-08-14 04:16:30.142877+00,2026-08-14 00:41:37.071553+00,0,,,14.2773227008762,9262,63.7919975280762,https://pub-9a54bf6f8816483d9d50f909922d2d81.r2.dev/BHA2/1786677768727.mp4,2026-08-14 03:16:04.796411+00,,True
3a89f7ae-0439-4647-a9cb-d28f1ee44aec,G3T6,c24d3c6f-bb14-4799-bbd1-9903f130f556,lider,Alberto,6.29224284,-75.55221393,0,2026-08-15 01:45:26.715824+00,2026-08-15 00:43:05.534938+00,0,,,0,129,1.90799989700317,,2026-08-15 00:45:26.208286+00,,False
3cf0bb0b-2f72-4936-ac4d-54cc092886be,NJTHXR,51980b91-e2de-4698-ad81-4d40cabe47b1,lider,Redmi,,,0,2026-07-04 18:27:40.631143+00,2026-07-04 18:27:40.631143+00,0,,,0,6,0,,2026-07-04 18:27:47.315313+00,,True
3d5f1433-f563-467f-ad9a-d371a915de93,5CYB,51980b91-e2de-4698-ad81-4d40cabe47b1,lider,Samu,6.2955056,-75.0280873,0.193343402445316,2026-08-16 15:59:37.330086+00,2026-08-16 14:43:25.721947+00,0,,,32.0853414421267,4540,82.439998626709,,2026-08-16 15:59:38.085292+00,,True
4011f2f0-197c-4da4-ba22-7013acb2af36,NBBA,51980b91-e2de-4698-ad81-4d40cabe47b1,lider,Samu,6.2477739,-75.5703393,0,2026-07-21 23:55:44.77+00,2026-07-21 23:26:03.647213+00,0,,,0,25,0,,2026-07-21 23:28:59.749612+00,,True
43ba6bed-89aa-4c5c-ba86-5d81ba2568b5,3LEV,51980b91-e2de-4698-ad81-4d40cabe47b1,rider,Samuel,6.2477197,-75.5703467,0,2026-08-05 22:32:50.612827+00,2026-08-05 22:00:30.217845+00,3,,,0,327,0,,2026-08-05 22:06:21.272466+00,,True
462af8fe-43da-4bf0-8980-87ae5a5cafda,R2L95T,ae17b979-507b-44fd-87d3-ee8d742adb13,rider,Moto,6.3229191,-75.5488438,0,2026-07-18 13:30:59.076+00,2026-07-18 13:16:30.869727+00,0,,,,,,,,,False
478f8a98-a9d1-4931-973b-3b2c30b2c1af,K5CL84,ae17b979-507b-44fd-87d3-ee8d742adb13,lider,Motog,6.2477855,-75.5703607,0,2026-07-18 23:51:15.543+00,2026-07-18 23:50:51.978367+00,0,,,,,,,2026-08-14 02:50:59.11564+00,,False
49e6354a-7f3b-4d04-ba34-485a12a91bbf,V3AG,51980b91-e2de-4698-ad81-4d40cabe47b1,lider,Samu,6.2477073,-75.5703572,0,2026-08-11 16:39:17.724056+00,2026-08-11 15:38:58.839652+00,0,,,0,0,0,,2026-08-14 19:26:06.022952+00,,True
4ebc43d3-6d9d-4094-9d7c-2e695823f30b,4AMD,51980b91-e2de-4698-ad81-4d40cabe47b1,lider,Sam,6.2473849,-75.5700757,19.1835674285889,2026-09-14 14:42:08.780602+00,2026-09-14 13:13:34.687086+00,0,,,11.3756763702418,1675,64.5120002746582,https://pub-9a54bf6f8816483d9d50f909922d2d81.r2.dev/4AMD/1789393729943.mp4,2026-09-14 13:41:46.611626+00,,True
4ed94ba8-a04e-4081-8ee8-195132dc580e,XEWB,51980b91-e2de-4698-ad81-4d40cabe47b1,rider,Samu,6.2477197,-75.5703467,0,2026-08-05 23:05:00.217703+00,2026-08-05 23:03:43.456005+00,0,,,,,,,2026-08-14 02:50:59.11564+00,,True
4f4491ce-85a3-4d9f-a86c-fe2ac3a122f0,WX3H6G,51980b91-e2de-4698-ad81-4d40cabe47b1,rider,Redmi,6.30684694,-75.55623507,0.575999987125397,2026-07-19 01:04:50.252+00,2026-07-18 23:52:41.224565+00,0,,,5.61966579727201,4225,34.9560001373291,https://pub-9a54bf6f8816483d9d50f909922d2d81.r2.dev/WX3H6G/1784425418813.mp4,2026-07-19 02:11:58.498433+00,,True
50d5941f-6a0f-4556-bfdd-803975926ceb,5WENFE,51980b91-e2de-4698-ad81-4d40cabe47b1,rider,Redmi,6.32621946,-75.54929493,0,2026-07-17 01:38:22.651+00,2026-07-16 23:33:15.789241+00,0,,,2.69624219405519,5873,40.4279983520508,https://vzzxsdtsaahhzyctvmhx.supabase.co/storage/v1/object/public/ride-videos/5WENFE/1784293712783.mp4,2026-07-17 02:39:40.1065+00,,True
54eff1e4-fbf7-48f4-a64b-f039cb71604b,F8WR,51980b91-e2de-4698-ad81-4d40cabe47b1,lider,Smau,6.2855142,-75.44852719,77.1840019226074,2026-08-10 23:51:32.315542+00,2026-08-10 22:09:19.031777+00,0,,,,,,,2026-08-14 02:50:59.11564+00,,True
573adc47-91ad-4660-af0c-227f3b3a8758,8CM9,51980b91-e2de-4698-ad81-4d40cabe47b1,lider,Samue,6.2477108,-75.5703222,0,2026-07-22 00:01:27.809+00,2026-07-22 00:01:16.829301+00,0,,,,,,,2026-08-14 02:50:59.11564+00,,True
57c51594-16b7-4569-80c0-366e68fda635,JKN6,51980b91-e2de-4698-ad81-4d40cabe47b1,lider,Samue,6.246982,-75.5688002,0,2026-08-20 15:05:36.859556+00,2026-08-20 13:12:12.883245+00,0,,,12.63876994467,2110,66.960001373291,https://pub-9a54bf6f8816483d9d50f909922d2d81.r2.dev/JKN6/1787238309768.mp4,2026-08-20 14:57:51.763707+00,,True
59204fb3-a2bc-4471-b444-907f719e1899,HAG5,51980b91-e2de-4698-ad81-4d40cabe47b1,lider,Samuel,6.2477714,-75.5703451,3.59247243404388,2026-09-14 22:41:47.977904+00,2026-09-14 22:13:19.700763+00,0,,,,,,,2026-09-15 00:15:00.201412+00,,False
5c7e11ca-41ba-4991-9357-bd5531b22c34,N7DGC5,51980b91-e2de-4698-ad81-4d40cabe47b1,lider,Redmi,6.14882333,-75.31507207,3.85200018882751,2026-07-13 23:01:18.841+00,2026-07-13 21:12:58.118103+00,0,,,0.15533726774369,2867,4.53599996566772,,2026-07-14 23:55:48.603047+00,,True
65ba6983-9908-4463-9d30-a2fbe3d5e2a7,5WENFE,ae17b979-507b-44fd-87d3-ee8d742adb13,lider,Motog,6.32612746,-75.54936844,0,2026-07-17 02:12:02.471+00,2026-07-16 23:32:32.286271+00,0,,,9.35124097096201,5878,24.1199993133545,https://vzzxsdtsaahhzyctvmhx.supabase.co/storage/v1/object/public/ride-videos/5WENFE/1784293712783.mp4,2026-07-18 19:04:09.228829+00,,True
66e85de7-5539-4758-8906-8c7cb55cbac4,LXEMBH,ae17b979-507b-44fd-87d3-ee8d742adb13,rider,Moto,6.24556299,-75.56886337,3.27600009441376,2026-07-18 14:18:46.636+00,2026-07-18 13:31:03.930471+00,0,,,1.24587466302237,2593,33.1920009613037,https://vzzxsdtsaahhzyctvmhx.supabase.co/storage/v1/object/public/ride-videos/LXEMBH/1784388327075.mp4,2026-07-18 19:04:15.948923+00,,True
67b132ff-5930-41f6-a270-295eeed9e7ad,Z4NH,51980b91-e2de-4698-ad81-4d40cabe47b1,lider,Sam,6.2513117,-75.5703463,0.249418669939041,2026-08-14 18:56:36.187587+00,2026-08-14 18:36:02.117973+00,0,,,0.749790622615497,0,5.54476118087769,,2026-08-14 19:25:45.902305+00,,True
67e42bae-6329-47aa-9145-ab04be2482bd,R2L95T,51980b91-e2de-4698-ad81-4d40cabe47b1,lider,Redmi,6.3231151,-75.5481422,0,2026-07-18 13:30:24.078+00,2026-07-18 13:15:58.01355+00,0,,,1.82757988463785,812,30.0240005493164,https://pub-9a54bf6f8816483d9d50f909922d2d81.r2.dev/R2L95T/1784401980287.mp4,2026-07-19 02:11:41.193443+00,,True
6f5ee89a-a69b-4dc5-808e-00bc8bd5827c,W24CZQ,51980b91-e2de-4698-ad81-4d40cabe47b1,lider,Sam,6.25260887,-75.74526217,38.5920009613037,2026-07-19 18:40:38.018+00,2026-07-19 17:40:28.129808+00,0,,,,,,,2026-08-14 02:50:59.11564+00,,True
7045ab78-7ced-4597-9308-429bae8af128,SUM98Z,ae17b979-507b-44fd-87d3-ee8d742adb13,lider,Kuan,6.2477947,-75.5703507,0,2026-07-30 17:54:54.398596+00,2026-07-30 17:51:12.549128+00,0,,,0,22,0,,2026-07-30 17:52:12.418395+00,,False
7145e50b-cf5f-4001-8ced-3b8ed5f6ffe1,US7YQT,51980b91-e2de-4698-ad81-4d40cabe47b1,lider,Remi,6.30451067,-75.5559702,11.9519997596741,2026-07-20 18:33:22.476+00,2026-07-20 18:23:05.604876+00,0,,,2.91580981260269,585,38.8439998626709,https://pub-9a54bf6f8816483d9d50f909922d2d81.r2.dev/US7YQT/1784572535788.mp4,2026-07-20 23:57:06.011078+00,,True
71b17df0-8f14-40ee-aca4-38167e6b5f01,Z7KKGU,ae17b979-507b-44fd-87d3-ee8d742adb13,lider,Jusn,6.2477947,-75.5703507,0,2026-07-30 18:50:09.449356+00,2026-07-30 17:56:49.355391+00,3,,,0,29,0,,2026-07-30 17:57:26.299539+00,,False
74e943f2-c2cf-4ac2-9e0c-3d80c61fbff9,59KU,51980b91-e2de-4698-ad81-4d40cabe47b1,lider,Mssmsm,6.2480468,-75.5715179,0,2026-08-11 21:07:23.872722+00,2026-08-11 20:03:37.47484+00,0,,,1.41647233124728,196,0,https://pub-9a54bf6f8816483d9d50f909922d2d81.r2.dev/59KU/1786479098531.mp4,2026-08-11 20:06:58.033173+00,,True
74ee82ce-240a-4870-9db4-6b74e0bee85e,XEWB,17a81c13-9895-454b-8e88-772583d93bc6,lider,Motog,6.24795459,-75.57044127,3.7439998626709,2026-08-05 23:06:59.719135+00,2026-08-05 23:00:22.383553+00,0,,,,,,,2026-08-14 02:50:59.11564+00,,False
76221326-d4ac-412c-bd3e-4a89bb7faaaa,P8ADZF,f32b6bac-98fe-4d6b-b94a-3e89afbed4aa,rider,Redmi,6.2477479,-75.5703446,0,2026-06-30 17:57:31.493+00,2026-06-30 17:38:16.664696+00,0,,,,,,,2026-08-14 02:50:59.11564+00,,False
76f92bdc-04a3-4246-97d3-fee25fe91838,YDB59Z,ae17b979-507b-44fd-87d3-ee8d742adb13,lider,Moto,6.32618218,-75.5493431,0,2026-07-15 02:03:26.557+00,2026-07-15 00:18:15.084868+00,0,,,,,,,2026-07-15 01:02:59.927976+00,,True
77613e93-5bb7-4409-b4d3-07907b4e6509,HZP5,51980b91-e2de-4698-ad81-4d40cabe47b1,lider,Smau,6.2471055,-75.5687665,0,2026-07-22 00:24:12.479+00,2026-07-22 00:01:29.519715+00,0,,,,,,,2026-08-14 02:50:59.11564+00,,True
79f56cc3-3151-4b71-9a96-ab346615b8a7,VPTK,51980b91-e2de-4698-ad81-4d40cabe47b1,rider,Samu,6.13630064,-75.56809343,0,2026-08-12 04:21:21.918826+00,2026-08-11 22:59:42.996237+00,0,,,20.4270949523067,8614,69.5519989013672,https://pub-9a54bf6f8816483d9d50f909922d2d81.r2.dev/VPTK/1786508477222.mp4,2026-08-12 04:14:16.69742+00,,True
7cefa13d-4fd5-4bda-903b-ef0869235266,6LVC,51980b91-e2de-4698-ad81-4d40cabe47b1,lider,Damu,6.24786249,-75.5704927,0,2026-07-22 14:49:36.613+00,2026-07-22 13:15:18.443341+00,0,,,7.52530278405213,2029,51.8040012359619,https://pub-9a54bf6f8816483d9d50f909922d2d81.r2.dev/6LVC/1784728426753.mp4,2026-07-22 16:59:09.37372+00,,True
7e39d7e5-0322-4031-87da-69c08b0d9d50,TAADHL,ae17b979-507b-44fd-87d3-ee8d742adb13,lider,Mo,6.2476477,-75.5702994,0,2026-07-18 15:11:39.616+00,2026-07-18 14:19:26.947884+00,0,,,0,233,0,,2026-07-18 18:58:35.567459+00,,True
7f2b5faa-0dff-44b0-8c4d-b6579566104f,UYYC,51980b91-e2de-4698-ad81-4d40cabe47b1,lider,Samu,6.32641757,-75.54946362,0,2026-07-21 03:29:57.78+00,2026-07-21 02:28:15.791992+00,0,,,0.0535575297152408,72,0,,2026-07-21 02:29:34.121361+00,,True
82bb5b6d-440d-4df0-9083-cb41e829c196,AKJ4,51980b91-e2de-4698-ad81-4d40cabe47b1,lider,San,6.2464721,-75.5673868,6.47999982833862,2026-08-14 23:25:21.763637+00,2026-08-14 23:22:20.158153+00,2,,,0.227456978590995,178,16.7400003433228,,2026-08-14 23:25:26.071899+00,,True
83907370-9c20-4aa9-b8bd-c1ef1a246112,XUEZ,51980b91-e2de-4698-ad81-4d40cabe47b1,lider,Samu,6.3263409,-75.5493407,0,2026-07-22 01:59:32.488+00,2026-07-22 00:24:13.87111+00,0,,,10.7302741828385,2090,51.8759994506836,https://pub-9a54bf6f8816483d9d50f909922d2d81.r2.dev/XUEZ/1784730093644.mp4,2026-07-22 19:06:02.099065+00,,True
85d77acb-a24d-43f2-8509-aafa36153b15,ACBLAA,51980b91-e2de-4698-ad81-4d40cabe47b1,lider,Redmo,6.20053689,-75.69895476,5.18400020599365,2026-07-19 21:17:02.967+00,2026-07-19 19:56:37.083498+00,0,,,7.99010633117458,4655,52.4160015106201,https://pub-9a54bf6f8816483d9d50f909922d2d81.r2.dev/ACBLAA/1784502393931.mp4,2026-07-19 23:06:49.678709+00,,True
8b00d3fa-3197-4728-b47a-67a7da5dda86,XNNR2C,51980b91-e2de-4698-ad81-4d40cabe47b1,lider,Ted I,6.24971397,-75.5697235,2.91600000858307,2026-07-15 19:48:07.991+00,2026-07-15 19:03:29.506282+00,0,,,0.521533214606315,1637,5.97599987983704,https://remotionlambda-useast1-ww5kt6a1c6.s3.us-east-1.amazonaws.com/renders/momzwqs37a/ridera-XNNR2C-1784143850594.mp4,2026-07-15 19:30:49.013425+00,,True
8ba71b6a-91f6-4718-b89d-1395213732d1,2YVN,51980b91-e2de-4698-ad81-4d40cabe47b1,lider,Samm,6.2921533,-75.5522821,0,2026-09-13 01:02:35.974612+00,2026-09-13 00:35:06.471285+00,0,,,3.49442434166308,4698,46.5839984893799,https://pub-9a54bf6f8816483d9d50f909922d2d81.r2.dev/2YVN/1789261334531.mp4,2026-09-13 02:26:54.206215+00,,True
8c118772-bd63-48ad-8e59-67fb74a0c31c,GLQE,479c1f50-0d12-48e2-8eec-2c38a46c604b,lider,Hugo,6.25031833333333,-75.5506483333333,9.29835433959961,2026-08-05 23:18:55.551557+00,2026-08-05 22:10:59.66+00,0,,,,,,,2026-08-14 02:50:59.11564+00,,False
8f31a8e9-ae19-4e7b-b9a7-8a6336821f5c,NZHM,51980b91-e2de-4698-ad81-4d40cabe47b1,lider,Samu,6.246909,-75.568636,0.20811168551445,2026-08-14 23:22:02.565166+00,2026-08-14 20:57:16.457188+00,0,,,22.0791822038722,8686,43.7150905609131,,2026-08-14 23:22:05.663349+00,,True
9283e373-da7a-419d-875c-f68b49b06a9b,3LEV,479c1f50-0d12-48e2-8eec-2c38a46c604b,lider,Hugo,6.2477404,-75.570362,0,2026-08-05 22:10:57.045184+00,2026-08-05 21:59:47.517629+00,0,,,0,295,0,,2026-08-05 22:06:01.352961+00,,False
92aedb36-f3a9-40c1-9cde-8c80cf0b5506,934WNS,ae17b979-507b-44fd-87d3-ee8d742adb13,lider,Moto G,6.24777629,-75.57039886,0,2026-07-17 14:47:43.325+00,2026-07-17 12:56:52.961409+00,0,,,0,2979,0,https://vzzxsdtsaahhzyctvmhx.supabase.co/storage/v1/object/public/ride-videos/934WNS/1784312686310.mp4,2026-07-18 19:02:40.888022+00,,True
92c309fd-07bb-47ad-9fa9-1e011a18ad2c,WB7P,51980b91-e2de-4698-ad81-4d40cabe47b1,lider,Samuel,6.2477558,-75.5703584,0,2026-07-21 21:46:40.56+00,2026-07-21 20:44:17.208999+00,3,,,0,113,0,,2026-07-21 20:46:13.267411+00,,True
9367b03b-b5ac-41d1-b403-67cd1956ea52,CUUK,51980b91-e2de-4698-ad81-4d40cabe47b1,lider,Smauel,6.32633888,-75.54940092,0,2026-08-05 03:32:24.970065+00,2026-08-05 02:30:14.685527+00,0,,,0.0228894268576158,98,0,,2026-08-05 02:31:57.778822+00,,True
94d2a7c8-5baa-4eca-ba52-9a4d5dc88ba4,ZFHRDH,51980b91-e2de-4698-ad81-4d40cabe47b1,rider,Redmi,6.32618575,-75.54929892,0,2026-07-18 02:04:58.395+00,2026-07-18 00:19:26.039226+00,0,,,9.08216586398139,2686,58.860001373291,https://vzzxsdtsaahhzyctvmhx.supabase.co/storage/v1/object/public/ride-videos/ZFHRDH/1784338051479.mp4,2026-07-18 01:04:30.158664+00,,True
9517eb6b-3b00-4c3d-9e04-1b8db007aff1,BLD9,51980b91-e2de-4698-ad81-4d40cabe47b1,lider,Samu,6.2477108,-75.5703222,0,2026-07-22 00:01:15.804+00,2026-07-22 00:00:19.821972+00,0,,,0,17,0,,2026-07-22 00:00:40.988675+00,,True
955b9d1d-714f-47ed-9220-46ec2acec01b,KJ86DJ,51980b91-e2de-4698-ad81-4d40cabe47b1,rider,Redmi,6.32635124,-75.76871388,5.29200010299683,2026-07-19 17:40:25.753+00,2026-07-19 13:00:17.468861+00,0,,,1.05135326457049,13836,29.8439998626709,https://pub-9a54bf6f8816483d9d50f909922d2d81.r2.dev/KJ86DJ/1784488704780.mp4,2026-07-19 23:02:19.095918+00,,True
9a7a8b07-e4e0-4b82-9dc0-7332aed6a197,WBKBB5,51980b91-e2de-4698-ad81-4d40cabe47b1,lider,Tegg,6.29220014,-75.55222663,0,2026-07-20 13:57:23.578+00,2026-07-20 13:31:10.907383+00,0,,,6.56373266197472,887,58.8960021972656,https://pub-9a54bf6f8816483d9d50f909922d2d81.r2.dev/WBKBB5/1784561431742.mp4,2026-07-20 23:02:18.157552+00,,True
9acf98d2-f563-4fae-a738-96a595dda5f8,F7QD,51980b91-e2de-4698-ad81-4d40cabe47b1,lider,Samu,6.32617422,-75.54934459,0,2026-07-21 01:38:53.565+00,2026-07-21 01:32:50.491633+00,0,,,0.00993267648545327,140,0,,2026-07-21 01:35:25.046151+00,,True
9c17189e-0cc2-4d51-8c2c-d7506d52199d,KM9G,51980b91-e2de-4698-ad81-4d40cabe47b1,lider,Casa,6.2477621,-75.5703745,0,2026-08-11 14:28:26.615827+00,2026-08-11 13:29:54.312219+00,0,,,,,,,2026-08-14 02:50:59.11564+00,,True
9f579202-0b63-456f-bd4a-4aaa6a02c744,9XWP,51980b91-e2de-4698-ad81-4d40cabe47b1,lider,Samu,6.32563999,-75.54995775,0,2026-08-10 20:56:58.928129+00,2026-08-10 19:47:46.02481+00,3,,,0.181127398943192,525,12.6719999313354,,2026-08-10 19:56:33.617268+00,,True
9f78d872-ca60-443c-8c5b-f4df7cd98ebb,VNP2,51980b91-e2de-4698-ad81-4d40cabe47b1,lider,Sam,6.2477822,-75.5703713,0,2026-08-15 22:43:36.596847+00,2026-08-14 23:25:38.743088+00,0,,,5.40765440471308,1224,47.3759994506836,,2026-08-14 23:46:06.416172+00,,True
9f978f79-f16e-430c-8042-9ebd454448fb,DD65,51980b91-e2de-4698-ad81-4d40cabe47b1,lider,Samuel,6.29224295,-75.55227027,0,2026-08-14 14:31:43.642151+00,2026-08-14 13:16:47.872814+00,0,,,6.09063530699922,1183,49.7879997253418,https://pub-9a54bf6f8816483d9d50f909922d2d81.r2.dev/DD65/1786714858211.mp4,2026-08-14 13:36:34.366778+00,,True
a13f61bc-e344-4159-b089-1544366f6a3d,7K6S,51980b91-e2de-4698-ad81-4d40cabe47b1,lider,Samuel,6.2753069,-75.6362875,0,2026-08-09 01:09:00.37925+00,2026-08-09 00:10:15.575602+00,0,,,2.26718381641379,213,0,https://pub-9a54bf6f8816483d9d50f909922d2d81.r2.dev/7K6S/1786234793861.mp4,2026-08-09 00:14:59.467339+00,,True
a1a0223c-926d-4407-988c-4a6b0e02a96b,KSP3,51980b91-e2de-4698-ad81-4d40cabe47b1,lider,Samu,6.247689,-75.5703456,0,2026-07-21 14:55:20.541+00,2026-07-21 13:07:44.277848+00,0,,,13.1641041208359,2833,52.1279983520508,https://pub-9a54bf6f8816483d9d50f909922d2d81.r2.dev/KSP3/1784642501401.mp4,2026-07-21 22:26:12.203586+00,,True
a58b07cc-051d-4319-b02e-3ed83ff06be6,6V35,51980b91-e2de-4698-ad81-4d40cabe47b1,lider,Samuel,6.2477558,-75.5703584,0,2026-07-21 22:34:59.463+00,2026-07-21 22:14:22.559004+00,0,,,0,32,0,,2026-07-21 22:15:02.410614+00,,True
a5ea7098-8674-49fa-9edd-21ab305f312e,UFCA,51980b91-e2de-4698-ad81-4d40cabe47b1,lider,Samu,6.2477715,-75.5703513,0.148205190896988,2026-08-14 20:53:48.570545+00,2026-08-14 20:52:07.549893+00,0,,,,,,,2026-08-14 22:30:00.020925+00,,True
a885510d-3cd7-4b47-bdff-5017bd94d1db,YG92,51980b91-e2de-4698-ad81-4d40cabe47b1,lider,Sam,6.2471154,-75.5688024,0,2026-09-16 14:01:53.730212+00,2026-09-16 13:17:45.388075+00,0,,,13.2286801284673,2275,70.920002746582,https://pub-9a54bf6f8816483d9d50f909922d2d81.r2.dev/YG92/1789567310833.mp4,2026-09-19 02:39:33.127873+00,,False
a92aaf2e-222b-4ebe-998d-a253b547174c,BULLV6,51980b91-e2de-4698-ad81-4d40cabe47b1,lider,Redmi,6.32530939,-75.54989291,7.52399969100952,2026-07-20 12:51:08.813+00,2026-07-20 11:53:56.113869+00,0,,,13.7086203636922,2993,57.3480010986328,https://pub-9a54bf6f8816483d9d50f909922d2d81.r2.dev/BULLV6/1784552410364.mp4,2026-07-20 13:05:06.566641+00,,True
abe2e466-53fe-4f47-93d0-d1f8f687c8b6,33CE,51980b91-e2de-4698-ad81-4d40cabe47b1,lider,Smauel,6.2478286,-75.5703539,0.0298638559877872,2026-09-15 16:25:05.629156+00,2026-09-15 14:24:01.604381+00,0,,,,,,,2026-09-15 18:00:00.084378+00,,False
b1dff54f-3bf1-453d-a51a-3a4315e1c4c6,AY7W,51980b91-e2de-4698-ad81-4d40cabe47b1,lider,Smauel,6.2478117,-75.5703918,2.39064044952393,2026-09-12 15:43:05.685688+00,2026-09-12 15:42:32.330812+00,0,,,0.00586135033716899,31,2.39064044952393,,2026-09-12 15:43:07.761739+00,,True
b3622b84-c8c1-4d77-a4ea-feaf4a1a6d86,KW5M,51980b91-e2de-4698-ad81-4d40cabe47b1,lider,Samu,6.3258763,-75.5507377,10.9079998970032,2026-09-13 19:34:06.076246+00,2026-09-13 11:34:11.423372+00,0,,,,,,,2026-09-13 21:15:00.062368+00,,True
b6750583-fe78-4a25-a2a7-c0997673212c,HZHY,51980b91-e2de-4698-ad81-4d40cabe47b1,lider,Smau,6.2476991,-75.5703095,0,2026-07-23 14:17:55.913+00,2026-07-23 13:08:07.227823+00,0,,,13.5067962374461,2241,54.5040012359619,https://pub-9a54bf6f8816483d9d50f909922d2d81.r2.dev/HZHY/1784814964611.mp4,2026-07-30 16:25:23.612875+00,,True
b7556bf2-8e2b-4339-80ac-ac497526d7b7,ZAGX,51980b91-e2de-4698-ad81-4d40cabe47b1,lider,Samuel,6.3263784,-75.5493683,1.38152507543564,2026-09-09 10:34:27.892459+00,2026-09-09 02:12:35.515028+00,2,,,0.00203053009344046,387,0.450286835432053,,2026-09-09 02:19:21.872689+00,,True
bc66b2cd-fbdf-426b-9bfe-ce2395e3a549,EWTP,51980b91-e2de-4698-ad81-4d40cabe47b1,lider,Samuel,6.150775,-75.3699173,46.3319995880127,2026-09-06 13:13:25.094971+00,2026-09-06 12:11:52.588278+00,2,,,,,,,2026-09-06 14:45:00.049871+00,,True
beb0b07a-5b23-49a4-9e04-7e665001273a,ZCCD4P,7066afa4-2186-4829-be5a-c3a3b68bf4c1,lider,Paula,6.3263443,-75.5493704,0,2026-07-20 23:08:15.075+00,2026-07-20 23:05:47.697735+00,0,,,0,69,0,,2026-07-20 23:07:05.861294+00,,False
c2554740-3b7d-40f8-bdbb-35f64b3e614f,ZFHRDH,ae17b979-507b-44fd-87d3-ee8d742adb13,lider,Motof,6.32612286,-75.54935475,2.19600005149841,2026-07-18 02:04:59.817+00,2026-07-18 00:14:50.465975+00,0,,,0,2688,2.19600005149841,https://vzzxsdtsaahhzyctvmhx.supabase.co/storage/v1/object/public/ride-videos/ZFHRDH/1784338051479.mp4,2026-07-18 19:01:23.359062+00,,True
c2bd6767-76e0-44d1-b0ea-4c6e921bceec,5XDR,51980b91-e2de-4698-ad81-4d40cabe47b1,lider,Samuel,6.2478028,-75.5703596,1.06213459968567,2026-09-12 18:40:45.745475+00,2026-09-12 18:22:04.375318+00,0,,,0.29475013756558,1119,41.5300987243652,,2026-09-12 18:40:46.747674+00,,True
c870bed3-ade0-4f3f-a4f9-6588ce06c951,N7UL,51980b91-e2de-4698-ad81-4d40cabe47b1,lider,Smauel,6.2477197,-75.5703467,0,2026-08-05 23:03:41.49595+00,2026-08-05 22:32:53.344663+00,0,,,0,32,0,,2026-08-09 00:14:41.944394+00,,True
c9183226-0f91-40d5-96d1-4c7f99ee1ab2,C7A69F,ae17b979-507b-44fd-87d3-ee8d742adb13,lider,Y,6.245562,-75.569222,3.45599992275238,2026-07-18 14:19:26.656+00,2026-07-18 14:18:46.805104+00,0,,,0.0363927162251175,0,4.24799981117249,,2026-07-18 19:02:31.626725+00,,True
cf5f6f50-b125-460b-be8f-94c5632e968f,PUHLG8,51980b91-e2de-4698-ad81-4d40cabe47b1,lider,Red,6.2477573,-75.5704346,0,2026-07-15 20:31:08.161+00,2026-07-15 19:48:09.25958+00,0,,,0.127070158250557,337,4.06799998283386,https://remotionlambda-useast1-ww5kt6a1c6.s3.us-east-1.amazonaws.com/renders/5ujvywut6q/ridera-PUHLG8-1784145234083.mp4,2026-07-15 22:39:53.993072+00,,True
cf8d3e98-857b-4564-aaae-f5ae7ca87bef,VPTK,17a81c13-9895-454b-8e88-772583d93bc6,lider,Samu,6.32614739,-75.54931629,0,2026-08-12 09:41:48.00619+00,2026-08-11 22:58:18.886514+00,0,,,,,,,2026-08-14 02:50:59.11564+00,,False
d2646fa2-0d24-4ac6-8284-ff08922dc3ab,25UT,51980b91-e2de-4698-ad81-4d40cabe47b1,lider,Su,6.32614687,-75.54932851,0,2026-07-23 00:53:47.807+00,2026-07-23 00:06:27.329415+00,0,,,3.56108138874331,1853,58.7159980773926,https://pub-9a54bf6f8816483d9d50f909922d2d81.r2.dev/25UT/1784767330557.mp4,2026-07-23 00:37:23.346299+00,,True
da5f620c-d626-46fb-90ee-f60706bc1d1f,KJ86DJ,ae17b979-507b-44fd-87d3-ee8d742adb13,lider,Moto,6.32520758,-75.65933033,45.360001373291,2026-07-19 14:55:12.558+00,2026-07-19 12:14:14.185091+00,0,,,,,,,2026-08-14 02:50:59.11564+00,,False
e0274e2e-b1af-47ac-bfb7-db20ce91d476,2YQD,51980b91-e2de-4698-ad81-4d40cabe47b1,lider,Smauel,6.15337736,-75.37480027,0.683999991416931,2026-08-10 22:09:19.115216+00,2026-08-10 22:07:16.528898+00,0,,,0,13,1.61999995708466,,2026-08-10 22:07:32.207513+00,,True
e1913e9a-5fce-4be4-bb31-7b0069e85213,F94N3J,51980b91-e2de-4698-ad81-4d40cabe47b1,lider,Rendi,6.2476492,-75.5703919,0,2026-07-18 00:19:26.291+00,2026-07-18 00:18:39.41538+00,0,,,0,4,0,,2026-07-18 19:05:34.60112+00,,True
e250597a-928c-4e26-9f0e-503ab4174a5e,J7DJUL,ae17b979-507b-44fd-87d3-ee8d742adb13,lider,Moto,6.32620515,-75.5493248,0,2026-07-16 01:20:44.178+00,2026-07-16 00:20:54.441908+00,0,,,12.8541078254095,2977,69.9480010986328,,2026-07-16 20:55:28.405007+00,,True
e36fdfc1-369e-421d-a140-95bf4dabd91a,38FT,51980b91-e2de-4698-ad81-4d40cabe47b1,lider,Samuel,6.2477558,-75.5703584,0,2026-07-21 20:44:16.585+00,2026-07-21 20:43:13.258535+00,0,,,0,0,0,,2026-07-21 22:15:18.836728+00,,True
e44adc1a-64c2-4a0b-91dc-ac0a93a8ee75,ZT2M,51980b91-e2de-4698-ad81-4d40cabe47b1,lider,Samuel,6.27551629,-75.6386591,0,2026-08-09 00:10:12.559677+00,2026-08-09 00:09:35.096212+00,0,,,0,0,0,,2026-08-14 19:25:26.84093+00,,True
ef5ae8e8-0a27-4412-a0ef-f42e41f3f17e,J7DJUL,51980b91-e2de-4698-ad81-4d40cabe47b1,rider,Redmi,6.32622208,-75.54934708,0,2026-07-16 01:37:14.458+00,2026-07-16 00:21:53.018916+00,0,,,0.0148479528384133,2955,0,https://remotionlambda-useast1-ww5kt6a1c6.s3.us-east-1.amazonaws.com/renders/jgwg6c2hu4/ridera-J7DJUL-1784166584045.mp4,2026-07-16 01:49:42.733651+00,,True
ef73f1fa-1a74-4e98-8e94-3c128ddb0ce6,LD25GA,ae17b979-507b-44fd-87d3-ee8d742adb13,lider,Motog,6.32625076,-75.54937689,0,2026-07-17 12:56:53.117+00,2026-07-17 12:56:10.115819+00,0,,,,,,,2026-08-14 02:50:59.11564+00,,False
f13a5520-4ec1-4f0b-9c77-78c447cd6a27,UELX,51980b91-e2de-4698-ad81-4d40cabe47b1,lider,Damk,6.32628279,-75.54931336,0,2026-07-21 02:24:36.88+00,2026-07-21 01:38:53.932138+00,0,,,0,6,0,,2026-07-21 01:39:07.77811+00,,True
f3d12d89-9efa-4eb7-8a6a-62028eb1586c,VABT,51980b91-e2de-4698-ad81-4d40cabe47b1,lider,Samu,6.25479447,-75.56416786,5.07599987983704,2026-08-05 14:49:21.827192+00,2026-08-05 13:23:17.158892+00,0,,,12.6640035057565,4735,53.7839984893799,https://pub-9a54bf6f8816483d9d50f909922d2d81.r2.dev/VABT/1785941359821.mp4,2026-08-05 14:42:15.740798+00,,True
f5d2dfb8-6999-4e5f-abb9-aec504945ba8,2A32,51980b91-e2de-4698-ad81-4d40cabe47b1,lider,U,6.3266812,-75.5514428,0,2026-09-16 00:45:26.512796+00,2026-09-16 00:17:19.333859+00,0,,,11.3448399017517,1324,104.86799697876,https://pub-9a54bf6f8816483d9d50f909922d2d81.r2.dev/2A32/1789519521134.mp4,2026-09-16 00:39:25.324419+00,,False
f6334ce0-bdab-4d44-80f7-a72e077fbc5c,67LCJG,51980b91-e2de-4698-ad81-4d40cabe47b1,lider,T,6.2477236,-75.5703257,0,2026-07-18 14:27:07.405+00,2026-07-18 14:18:52.68824+00,0,,,0.404702651119617,276,7.88400020599365,,2026-07-18 15:09:27.178633+00,,True
f67d9442-6646-46e6-8f03-16b151e8e21f,S236,51980b91-e2de-4698-ad81-4d40cabe47b1,lider,Smau,6.29629085,-75.56705109,48.1319995880127,2026-08-10 13:49:20.311609+00,2026-08-10 13:15:00.805549+00,0,,,4.85631181872515,1794,78.0840019226074,https://pub-9a54bf6f8816483d9d50f909922d2d81.r2.dev/S236/1786369755736.mp4,2026-08-10 13:44:58.72845+00,,True
f9da69f1-ae94-41b4-92b9-ebdae653465e,ZL9S,51980b91-e2de-4698-ad81-4d40cabe47b1,lider,Samu,6.32653019,-75.54934673,2.05199997425079,2026-08-10 13:24:00.633634+00,2026-08-10 10:29:36.975209+00,0,,,42.3724254831435,2521,120.6,https://pub-9a54bf6f8816483d9d50f909922d2d81.r2.dev/ZL9S/1786368234951.mp4,2026-08-10 13:14:48.260398+00,,True
fc2785ce-4548-4091-ac86-e749cd9f8ec7,RUZRC2,51980b91-e2de-4698-ad81-4d40cabe47b1,lider,Hhjh,6.32626452,-75.54924272,0,2026-07-20 19:36:19.011+00,2026-07-20 18:33:22.87626+00,0,,,3.40632217405236,670,88.8840019226074,https://pub-9a54bf6f8816483d9d50f909922d2d81.r2.dev/RUZRC2/1784577599528.mp4,2026-07-20 23:01:55.378506+00,,True
ff2804a4-29f9-48a0-9d85-337be611a935,K6KN,51980b91-e2de-4698-ad81-4d40cabe47b1,lider,Smau,6.1711669,-75.4280456,0,2026-08-10 10:38:51.257862+00,2026-08-09 21:21:18.005096+00,0,,,45.5031066097713,47280,108.936000823975,https://pub-9a54bf6f8816483d9d50f909922d2d81.r2.dev/K6KN/1786358268725.mp4,2026-08-10 10:29:22.633289+00,,True
